;sentence;lemmatized;pos tags;noun chunks
0;Die OPENCOSS-Plattform muss dem Nutzer die Möglichkeit bieten, die für ein Sicherungsprojekt vorzulegenden Nachweis-Items anzugeben.;"('muss', 'muss')
('Möglichkeit', 'Möglichkeit')
('Nutzer', 'Nutzer')
('Nachweis-Items', 'Nachweis-Item')
('bieten', 'bieten')
('vorzulegenden', 'vorlegen')
('anzugeben', 'angeben')
('Sicherungsprojekt', 'Sicherungsprojekt')
('Nachweis-Items', 'Nachweis-It";"('muss', 'VERB')
('bieten', 'VERB')
('vorzulegenden', 'VERB')
('anzugeben', 'VERB')";"('Möglichkeit', 'Möglichkeit')
('Nutzer', 'Nutzer')
('Nachweis-Items', 'Nachweis Item')
('OPENCOSS-Plattform', 'Opencoss Plattform')
('Sicherungsprojekt', 'Sicherung Projekt')"
1;Die OPENCOSS-Plattform muss dem Nutzer die Möglichkeit bieten, die Nachweisarten der für ein Sicherungsprojekt zu liefernden Nachweis-Items anzugeben.;"('muss', 'muss')
('bieten', 'bieten')
('Nutzer', 'Nutzer')
('Nachweisarten', 'Nachweisart')
('Nachweis-Items', 'Nachweis-Item')
('Möglichkeit', 'Möglichkeit')
('liefernden', 'liefern')
('anzugeben', 'angeben')
('Sicherungsprojekt', 'Sicherungsprojekt')
('";"('muss', 'VERB')
('bieten', 'VERB')
('liefernden', 'VERB')
('anzugeben', 'VERB')";"('Möglichkeit', 'Möglichkeit')
('Nutzer', 'Nutzer')
('OPENCOSS-Plattform', 'Opencoss Plattform')
('Sicherungsprojekt', 'Sicherung Projekt')
('Nachweisarten', 'Nachweis Art')
('Nachweis-Items', 'Nachweis Item')"
2;Die OPENCOSS-Plattform muss dem Nutzer die Möglichkeit bieten, ein vorhandenes Nachweis-Charakterisierungsmodell für ein Sicherungsprojekt auszuwählen.;"('muss', 'muss')
('bieten', 'bieten')
('Nutzer', 'Nutzer')
('Nachweis-Charakterisierungsmodell', 'Nachweis-Charakterisierungsmodell')
('Nachweis-Items', 'Nachweis-Item')
('Möglichkeit', 'Möglichkeit')
('auszuwählen', 'auswählen')
('vorhandenes', 'vorhande";"('muss', 'VERB')
('bieten', 'VERB')
('vorhandenes', 'ADJ')
('auszuwählen', 'VERB')";"('vorhandenes Nachweis-Charakterisierungsmodell', 'vorhanden Nachweis Charakterisierung Modell')
('Möglichkeit', 'Möglichkeit')
('Nutzer', 'Nutzer')
('OPENCOSS-Plattform', 'Opencoss Plattform')
('Sicherungsprojekt', 'Sicherung Projekt')"
3;Die OPENCOSS-Plattform muss die Merkmale der Nachweis-Items eines Sicherungsprojekts gemäß der CCL speichern.;"('muss', 'muss')
('Merkmale', 'Merkmal')
('Nachweis-Items', 'Nachweis-Item')
('CCL', 'CCL')
('gemäß', 'gemäß')
('speichern', 'speichern')
('Nachweis-Items', 'Nachweis-Item')
('OPENCOSS-Plattform', 'OPENCOSS-Plattform')
('Sicherungsprojekts', 'Sicherungspr";"('muss', 'VERB')
('speichern', 'VERB')";"('Merkmale der Nachweis-Items eines Sicherungsprojekts', 'Merkmal Nachweis Item ein Sicherung Projekt')
('OPENCOSS-Plattform', 'Opencoss Plattform')
('CCL', 'CCL')"
4;Die OPENCOSS-Plattform muss dem Nutzer die Möglichkeit bieten, die Nachweisart für das gegebene Nachweis-Item eines Sicherungsprojekts anzugeben.;"('muss', 'muss')
('Nutzer', 'Nutzer')
('Möglichkeit', 'Möglichkeit')
('Nachweisart', 'Nachweisart')
('Nachweis-Item', 'Nachweis-Item')
('bieten', 'bieten')
('gegebene', 'gegeben')
('anzugeben', 'angeben')
('OPENCOSS-Plattform', 'OPENCOSS-Plattform')
('Sic";"('muss', 'VERB')
('bieten', 'VERB')
('gegebene', 'ADJ')
('anzugeben', 'VERB')";"('gegebene Nachweis-Item', 'gegeben Nachweis Item')
('Sicherungsprojekts', 'Sicherung Projekt')
('Möglichkeit', 'Möglichkeit')
('Nachweisart', 'Nachweis Art')
('Nutzer', 'Nutzer')
('OPENCOSS-Plattform', 'Opencoss Plattform')"
5;Die OPENCOSS-Plattform muss dem Nutzer die Möglichkeit bieten, Nachweisarten, die bereits in anderen Projekten definiert wurden, in Sicherungsprojekten wiederzuverwenden.;"('muss', 'muss')
('bieten', 'bieten')
('anderen', 'ander')
('wurden', 'sein')
('Nutzer', 'Nutzer')
('Möglichkeit', 'Möglichkeit')
('Nachweisarten', 'Nachweisart')
('Sicherungsprojekten', 'Sicherungsprojekt')
('bereits', 'bereit')
('Projekten', 'Projekt')
";"('muss', 'VERB')
('bieten', 'VERB')
('anderen', 'ADJ')
('definiert', 'VERB')
('wiederzuverwenden', 'VERB')";"('Pojekten', 'Pojekt')
('Möglichkeit', 'Möglichkeit')
('Nutzer', 'Nutzer')
('Sicherungsprojekten', 'Sicherung Projekt')
('OPENCOSS-Plattform', 'Opencoss Plattform')
('Nachweisarten', 'Nachweis Art')"
6;Die OPENCOSS-Plattform muss dem Nutzer die Möglichkeit bieten, das Artefakt, mit dem die Nachweis-Items eines Sicherungsprojekts verbunden sind, anzugeben;"('muss', 'muss')
('bieten', 'bieten')
('Nutzer', 'Nutzer')
('Möglichkeit', 'Möglichkeit')
('Artefakt', 'Artefakt')
('Nachweis-Items', 'Nachweis-Item')
('verbunden', 'verbinden')
('anzugeben', 'angeben')
('Nachweis-Items', 'Nachweis-Item')
('OPENCOSS-Platt";"('muss', 'VERB')
('bieten', 'VERB')
('verbunden', 'VERB')
('anzugeben', 'VERB')";"('Nachweis-Items eines Sicherungsprojekts', ' Nachweis Item ein Sicherung Projekt')
('Möglichkeit', 'Möglichkeit')
('Nutzer', 'Nutzer')
('OPENCOSS-Plattform', 'Opencoss Plattform')
('Artefakt', 'Artefakt')"
7;Die OPENCOSS-Plattform muss die CCL-Informationen des Artefakts, mit dem ein Nachweis-Item eines Sicherungsprojekts verbunden ist, speichern.;"('muss', 'muss')
('verbunden', 'verbinden')
('CLL-Informationen', 'CLL-Information')
('Artefakts', 'Artefakt')
('Nachweis-Item', 'Nachweis-Item')
('speichern', 'speichern')
('OPENCOSS-Plattform', 'OPENCOSS-Plattform')
('Sicherungsprojekts', 'Sicherungspro";"('muss', 'VERB')
('verbunden', 'VERB')
('speichern', 'VERB')";"('Nachweis-Items eines Sicherungsprojekts', ' Nachweis Item ein Sicherung Projekt')
('OPENCOSS-Plattform', 'Opencoss Plattform')
('Artefakts', 'Artefakt')
('Nachweis-Item', 'Nachweis Item')
('CCL-Informationen', 'CCL Information')"
8;Die OPENCOSS-Plattform muss dem Nutzer die Möglichkeit bieten, die Informationen über das Artefakt, mit dem ein Nachweis-Item eines Sicherungsprojekts verbunden ist, zu ändern.;"('muss', 'muss')
('bieten', 'bieten')
('Nutzer', 'Nutzer')
('Möglichkeit', 'Möglichkeit')
('Informationen', 'Information')
('Artefakt', 'Artefakt')
('verbunden', 'verbinden')
('ändern', 'ändern')
('Nachweis-Item', 'Nachweis-Item')
('OPENCOSS-Plattform', '";"('muss', 'VERB')
('bieten', 'VERB')
('verbunden', 'VERB')
('ändern', 'VERB')";"('Nachweis-Item eines Sicherungsprojekts', ' Nachweis Item ein Sicherung Projekt')
('Möglichkeit', 'Möglichkeit')
('Informationen', 'Information')
('Nutzer', 'Nutzer')
('OPENCOSS-Plattform', 'Opencoss Plattform')
('Artefakt', 'Artefakt')"
9;Die OPENCOSS-Plattform muss dem Nutzer die Möglichkeit bieten, Nachweis-Items eines Sicherungsprojekts mit einem Artefakt, das in einem anderen Projekt verwendet wurde, zu verknüpfen.;"('muss', 'muss')
('bieten', 'bieten')
('Nutzer', 'Nutzer')
('Möglichkeit', 'Möglichkeit')
('Nachweis-Items', 'Nachweis-Item')
('Artefakts', 'Artefakt')
('Projekt', 'Projekt')
('anderen', 'ander')
('verwendet', 'verwenden')
('verknüpfen', 'verknüpfen')
('A";"('muss', 'VERB')
('bieten', 'VERB')
('anderen', 'ADJ')
('verwendet', 'VERB')
('verknüpfen', 'VERB')";"('Nachweis-Items eines Sicherungsprojekts', ' Nachweis Item ein Sicherung Projekt')
('anderen Projekt', 'ander Projekt')
('Möglichkeit', 'Möglichkeit')
('Nutzer', 'Nutzer')
('OPENCOSS-Plattform', 'Opencoss Plattform')
('Artefakt', 'Artefakt')"
10;Die OPENCOSS-Plattform muss dem Nutzer die Möglichkeit bieten, Nachweis-Items eines Sicherungsprojekts zu löschen.;"('muss', 'muss')
('Nutzer', 'Nutzer')
('Möglichkeit', 'Möglichkeit')
('Nachweis-Items', 'Nachweis-Item')
('bieten', 'bieten')
('löschen', 'löschen')
('Nachweis-Items', 'Nachweis-Item')
('OPENCOSS-Plattform', 'OPENCOSS-Plattform')
('Sicherungsprojekts', 'S";"('muss', 'VERB')
('bieten', 'VERB')
('löschen', 'VERB')";"('Nachweis-Items eines Sicherungsprojekts', ' Nachweis Item ein Sicherung Projekt')
('Möglichkeit', 'Möglichkeit')
('Nutzer', 'Nutzer')
('Opencoss-Plattform', 'Opencoss Plattform')"
11;Wenn ein Nutzer ein Nachweis-Item aus einem Sicherungsprojekt löschen möchte, muss die OPENCOSS-Plattform vom Nutzer eine Bestätigung für diese Aktion und die nachfolgenden damit verbundenen Aktionen anfordern.;"('löschen', 'löschen')
('möchte', 'mögen')
('muss', 'muss')
('nachfolgenden', 'nachfolgend')
('Nutzer', 'Nutzer')
('Nachweis-Item', 'Nachweis-Item')
('Bestätigung', 'Bestätigung')
('Aktion', 'Aktion')
('Aktionen', 'Aktion')
('verbundenen', 'verbunden')
('";"('löschen', 'VERB')
('möchte', 'VERB')
('muss', 'VERB')
('nachfolgenden', 'ADJ')
('verbundenen', 'ADJ')
('anfordern', 'VERB')";"('nachfolgenden damit verbundenen Aktionen', 'nachfolgend damit verbunden Aktion')
('Nutzer', 'Nutzer')
('OPENCOSS-Plattform', 'Opencoss Plattform')
('Sicherungsprojekt', 'Sicherung Projekt')
('Aktion', 'Aktion')
('Nachweis-Item', 'Nachweis Item')
('Bestä"
12;Wenn ein Nachweis-Item aus einem Sicherungsprojekt gelöscht wird, muss die OPENCOSS-Plattform alle Beweisinformationen (Arten und Merkmale), die sich auf das Nachweis-Item aus dem Projekt beziehen löschen.;"('gelöscht', 'löschen')
('wird', 'sein')
('muss', 'muss')
('Nachweis-Item', 'Nachweis-Item')
('Beweisinformationen', 'Beweisinformation')
('Arten', 'Art')
('Merkmale', 'Merkmal')
('Projekt', 'Projekt')
('beziehen', 'beziehen')
('löschen', 'löschen')
('Sic";"('gelöscht', 'VERB')
('muss', 'VERB')
('beziehen', 'VERB')
('löschen', 'VERB')";"('Merkmale', 'Merkmal')
('Arten', 'Art')
('Beweisinformationen', 'Beweis Information')
('OPENCOSS-Plattform', 'Opencoss Plattform')
('Sicherungsprojekt', 'Sicherung Projekt')
('Projekt', 'Projekt')
('Nachweis-Item', 'Nachweis Item')"
13;Wenn ein Nachweis-Item aus einem Sicherungsprojekt gelöscht wird und sein zugehöriges Artefakt nicht mit anderen Nachweis-Items verbunden ist, muss die OPENCOSS-Plattform das Artefakt aus dem Projekt löschen.;"('gelöscht', 'löschen')
('zugehöriges', 'zugehörig')
('Nachweis-Item', 'Nachweis-Item')
('Artefakt', 'Artefakt')
('Nachweis-Items', 'Nachweis-Item')
('Projekt', 'Projekt')
('anderen', 'ander')
('verbunden', 'verbinden')
('muss', 'muss')
('löschen', 'lösch";"('gelöscht', 'VERB')
('zugehöriges', 'ADJ')
('anderen', 'ADJ')
('verbunden', 'VERB')
('muss', 'VERB')";"('zugehöriges Artefakt', 'zugehörig Artefakt')
('Nachweis-Item aus einem Sicherungsprojekt', 'Nachweis Item aus ein Sicherung Projekt')
('OPENCOSS-Plattform', 'Opencoss Plattform')
('Sicherungsprojekt', 'Sicherung Projekt')
('Projekt', 'Projekt')
('Nachwe"
14;Die OPENCOSS-Plattform muss dem Nutzer die Möglichkeit bieten, die Informationen der Nachweis-Items eines Sicherungsprojekts zu ändern.;"('muss', 'muss')
('bieten', 'bieten')
('Nutzer', 'Nutzer')
('Möglichkeit', 'Möglichkeit')
('Informationen', 'Information')
('Nachweis-Items', 'Nachweis-Item')
('ändern', 'ändern')
('OPENCOSS-Plattform', 'OPENCOSS-Plattform')
('Sicherungsprojekts', 'Sicher";"('muss', 'VERB')
('bieten', 'VERB')
('ändern', 'VERB')
('löschen', 'VERB')";"('Nachweis-Items eines Sicherungsprojekts', ' Nachweis Item ein Sicherung Projekt')
('Möglichkeit', 'Möglichkeit')
('Informationen', 'Information')
('Nutzer', 'Nutzer')
('OPENCOSS-Plattform', 'Opencoss Plattform')"
15;Die OPENCOSS-Plattform muss dem Nutzer die Möglichkeit bieten, Nachweis-Items in ein Sicherungsprojekt zu kopieren, die zuvor in einem anderen Sicherungsprojekt gespeichert wurden.;"('muss', 'muss')
('Nutzer', 'Nutzer')
('Möglichkeit', 'Möglichkeit')
('Nachweis-Items', 'Nachweis-Item')
('bieten', 'bieten')
('kopieren', 'kopieren')
('anderen', 'ander')
('gespeichert', 'speichern')
('Sicherungsprojekt', 'Sicherungsprojekt')
('OPENCOSS-";"('muss', 'VERB')
('bieten', 'VERB')
('kopieren', 'VERB')
('anderen', 'ADJ')
('gespeichert', 'VERB')";"('anderen Sicherungsprojekt', 'ander Sicherung Projekt')
('Möglichkeit', 'Möglichkeit')
('Nachweis-Items', 'Nachweis Item')
('Nutzer', 'Nutzer')
('OPENCOSS-Plattform', 'Opencoss Plattform')"
16;Die OPENCOSS-Plattform muss die Zeit und das Datum der Aktionen, die an den Nachweis-Items eines Sicherungsprojekts durchgeführt wurden, speichern.;"('muss', 'muss')
('durchgeführt', 'durchführen')
('wurden', 'sein')
('Zeit', 'Zeit')
('Datum', 'Datum')
('Aktionen', 'Aktion')
('Nachweis-Items', 'Nachweis-Item')
('speichern', 'speichern')
('OPENCOSS-Plattform', 'OPENCOSS-Plattform')
('Sicherungsprojekts";"('muss', 'VERB')
('durchgeführt', 'VERB')
('speichern', 'VERB')";"('Nachweis-Items eines Sicherungsprojekts', 'Nachweis Item ein Sicherung Projekt')
('Datum', 'Datum')
('OPENCOSS-Plattform', 'Opencoss Plattform')
('Zeit', 'Zeit')
('Aktionen', 'Aktion')"
17;Die OPENCOSS-Plattform muss das Nachweis-Repository eines Sicherungsprojekts aus dessen Nachweis-Charakterisierungsmodell erstellen.;"('muss', 'muss')
('Nachweis-Repository', 'Nachweis-Repository')
('Nachweis-Charakterisierungsmodell', 'Nachweis-Charakterisierungsmodell')
('erstellen', 'erstellen')
('Nachweis-Repository', 'Nachweis-Repository')
('OPENCOSS-Plattform', 'OPENCOSS-Plattform";"('muss', 'VERB')
('erstellen', 'VERB')";"('das Nachweis-Repository eines Sicherungsprojekts', 'der Nachweis Repository ein Sicherung Projekt')
('OPENCOSS-Plattform', 'Opencoss Plattform')
('Nachweis-Charakterisierungsmodell', 'Nachweis Charakterisierung Modell')"
18;Die OPENCOSS-Plattform muss dem Nutzer die Möglichkeit bieten, Merkmalsspezifikationen des Nachweis-Items eines Sicherungsprojekts als vollständig auszuzeichnen.;"('muss', 'muss')
('bieten', 'bieten')
('vollständig', 'vollständig')
('auszuzeichnen', 'auszeichnen')
('Nutzer', 'Nutzer')
('Nachweis-Items', 'Nachweis-Item')
('OPENCOSS-Plattform', 'OPENCOSS-Plattform')
('Möglichkeit', 'Möglichkeit')
('Merkmalsspezifikat";"('muss', 'VERB')
('bieten', 'VERB')
('vollständig', 'ADJ')
('auszuzeichnen', 'VERB')";"('Merkmalsspezifikationen des Nachweis-Items eines Sicherungsprojekts', 'Merkmal Spezifikation Nachweis Item ein Sicherung Projekt')
('Möglichkeit', 'Möglichkeit')
('Nutzer', 'Nutzer')
('OPENCOSS-Plattform', 'Opencoss Plattform')"
19;Wenn die Merkmalsspezifikation für ein Nachweis-Item eines Sicherungsprojekts als vollständig angesehen wird, muss die OPENCOSS-Plattform das Nachweis-Item grün einfärben.;"('vollständig', 'vollständig')
('Merkmalsspezifikation', 'Merkmalsspezifikation')
('angesehen', 'ansehen')
('muss', 'muss')
('grün', 'grün')
('einfärben', 'einfärben')
('Nachweis-Item', 'Nachweis-Item')
('wird', 'sein')
('OPENCOSS-Plattform', 'OPENCOSS-Pl";"('vollständig', 'ADJ')
('angesehen', 'VERB')
('muss', 'VERB')
('grün', 'ADJ')
('einfärben', 'VERB')";"('Nachweis-Item eines Sicherungsprojekts', 'Nachweis Item ein Sicherung Projekt')
('Merkmalsspezifikation', 'Merkmal Spezifikation')
('Nachweis-Item', 'Nachweis Item')
('OPENCOSS-Plattform', 'Opencoss Plattform')"
20;Wenn die Merkmalsspezifikation für ein Nachweis-Item eines Sicherungsprojekts nicht als vollständig angesehen wird, muss die OPENCOSS-Plattform das Nachweis-Item gelb einfärben.;"('vollständig', 'vollständig')
('Merkmalsspezifikation', 'Merkmalsspezifikation')
('angesehen', 'ansehen')
('muss', 'muss')
('gelb', 'gelb')
('einfärben', 'einfärben')
('Nachweis-Item', 'Nachweis-Item')
('wird', 'sein')
('OPENCOSS-Plattform', 'OPENCOSS-Pl";"('vollständig', 'ADJ')
('angesehen', 'VERB')
('muss', 'VERB')
('gelb', 'ADJ')
('einfärben', 'VERB')";"('Nachweis-Items eines Sicherungsprojekts', 'Nachweis Item ein Sicherung Projekt')
('Merkmalsspezifikation', 'Merkmal Spezifikation')
('Nachweis-Item', 'Nachweis Item')
('OPENCOSS-Plattform', 'Opencoss Plattform')"
21;Die OPENCOSS-Plattform muss die Menge der Nachweis-Items eines Sicherungsprojekts mittels einer Baumansicht anzeigen.;"('muss', 'muss')
('Menge', 'Menge')
('Nachweis-Items', 'Nachweis-Item')
('Baumansicht', 'Baumansicht')
('anzeigen', 'anzeigen')
('OPENCOSS-Plattform', 'OPENCOSS-Plattform')
('Sicherungsprojekts', 'Sicherungsprojekt')";"('muss', 'VERB')
('anzeigen', 'VERB')";"('Nachweis-Items eines Sicherungsprojekts', 'Nachweis Item ein Sicherung Projekt')
('Baumansicht', 'Baum Ansicht')
('OPENCOSS-Plattform', 'Opencoss Plattform')
('Menge', 'Menge')"
22;Die OPENCOSS-Plattform muss dem Nutzer die Möglichkeit bieten, für die Anzeige der Nachweis-Items eines Sicherungsprojekts Zwischenknoten in der Baumansicht zu definieren.;"('muss', 'muss')
('Nuzter', 'Nutzer')
('Möglichkeit', 'Möglichkeit')
('Anzeige', 'Anzeige')
('Nachweis-Items', 'Nachweis-Item')
('Baumansicht', 'Baumansicht')
('bieten', 'bieten')
('definieren', 'definieren')
('Nutzer', 'Nutzer')
('Zwischenknoten', 'Zwisc";"('muss', 'VERB')
('bieten', 'VERB')
('definieren', 'VERB')";"('Nachweis-Items eines Sicherungsprojekts', 'Nachweis Item ein Sicherung Projekt')
('Anzeige', 'Anzeige')
('Möglichkeit', 'Möglichkeit')
('Nutzer', 'Nutzer')
('Baumansicht', 'Baum Ansicht')
('OPENCOSS-Plattform', 'Opencoss Plattform')"
23;Die OPENCOSS-Plattform muss dem Nutzer die Möglichkeit bieten, für die Anzeige der Nachweis-Items eines Sicherungsprojekts Zwischenknoten in der Baumansicht zu modifizieren.;"('muss', 'muss')
('Nuzter', 'Nutzer')
('Anzeige', 'Anzeige')
('Möglichkeit', 'Möglichkeit')
('Nachweis-Items', 'Nachweis-Item')
('Baumansicht', 'Baumansicht')
('bieten', 'bieten')
('modifizieren', 'modifizieren')
('Nutzer', 'Nutzer')
('OPENCOSS-Plattform'";"('muss', 'VERB')
('bieten', 'VERB')
('modifizieren', 'VERB')";"('Nachweis-Items eines Sicherungsprojekts', 'Nachweis Item ein Sicherung Projekt')
('Anzeige', 'Anzeige')
('Möglichkeit', 'Möglichkeit')
('Nutzer', 'Nutzer')
('Baumansicht', 'Baum Ansicht')
('OPENCOSS-Plattform', 'Opencoss Plattform')
('Zwischenknoten', '"
24;Die OPENCOSS-Plattform muss dem Nutzer die Möglichkeit bieten, für die Anzeige der Nachweis-Items eines Sicherungsprojekts Zwischenknoten in der Baumansicht zu löschen.;"('muss', 'muss')
('Möglichkeit', 'Möglichkeit')
('Nuzter', 'Nutzer')
('Baumansicht', 'Baumansicht')
('Nachweis-Items', 'Nachweis-Item')
('Anzeige', 'Anzeige')
('bieten', 'bieten')
('löschen', 'löschen')
('Nutzer', 'Nutzer')
('Zwischenknoten', 'Zwischenkno";"('muss', 'VERB')
('bieten', 'VERB')
('löschen', 'VERB')";"('Nachweis-Items eines Sicherungsprojekts', 'Nachweis Item ein Sicherung Projekt')
('Anzeige', 'Anzeige')
('Möglichkeit', 'Möglichkeit')
('Nutzer', 'Nutzer')
('Baumansicht', 'Baum Ansicht')
('OPENCOSS-Plattform', 'Opencoss Plattform')
('Zwischenknoten', '"
25;Die OPENCOSS-Plattform muss dem Nutzer die Möglichkeit bieten, für die Anzeige der Nachweis-Items eines Sicherungsprojekts in der Baumansicht Zwischenknoten mit Nachweis-Items zu verknüpfen.;"('muss', 'muss')
('Möglichkeit', 'Möglichkeit')
('Anzeige', 'Anzeige')
('Nutzer', 'Nutzer')
('Nachweis-Items', 'Nachweis-Item')
('Baumansicht', 'Baumansicht')
('bieten', 'bieten')
('verknüpfen', 'verknüpfen')
('Zwischenknoten', 'Zwischenknoten')
('OPENCOS";"('muss', 'VERB')
('bieten', 'VERB')
('verknüpfen', 'VERB')";"('Nachweis-Items eines Sicherungsprojekts', 'Nachweis Item ein Sicherung Projekt')
('Anzeige', 'Anzeige')
('Möglichkeit', 'Möglichkeit')
('Nutzer', 'Nutzer')
('Baumansicht', 'Baum Ansicht')
('OPENCOSS-Plattform', 'Opencoss Plattform')
('Zwischenknoten', '"
26;Wenn für ein Sicherungsprojekt ein Nachweis-Charakterisierungsmodell ausgewählt wurde, muss die OPENCOSS-Plattform Zwischenknoten für die Baumansicht zur Anzeige der Nachweis-Items eines Projekts gemäß dem Nachweis-Charakterisierungsmodell vorschlagen.;"('ausgewählt', 'auswählen')
('Anzeige', 'Anzeige')
('Baumansicht', 'Baumansicht')
('Nachweis-Items', 'Nachweis-Item')
('Nachweis-Charakterisierungsmodell', 'Nachweis-Charakterisierungsmodell')
('Projekts', 'Projekt')
('muss', 'muss')
('vorschlagen', 'vors";"('ausgewählt', 'VERB')
('muss', 'VERB')
('vorschlagen', 'VERB')
('gemäß', 'ADJ')";"('Nachweis-Items eines Projekts', 'Nachweis Item ein Projekt')
('Zwischenknoten', 'Zwischen Knoten')
('Anzeige', 'Anzeige')
('Baumansicht', 'Baum Ansicht')
('OPENCOSS-Plattform', 'Opencoss Plattform')
('Nachweis-Charakterisierungsmodell', 'Nachweis Charak"
27;Die OPENCOSS-Plattform muss dem Nutzer die Möglichkeit bieten, die Nachweis-Items eines Sicherungsprojekts in die Baumstruktur, zur Anzeige der Nachweis-Items eines Projekts, aufzunehmen.;"('muss', 'muss')
('Möglichkeit', 'Möglichkeit')
('Nuzter', 'Nutzer')
('Nachweis-Items', 'Nachweis-Item')
('Baumstruktur', 'Baumstruktur')
('Projekts', 'Projekt')
('Anzeige', 'Anzeige')
('bieten', 'bieten')
('aufzunehmen', 'aufnehmen')
('Nutzer', 'Nutzer')";"('muss', 'VERB')
('bieten', 'VERB')
('aufzunehmen', 'VERB')";"('Nachweis-Items eines Sicherungsprojekts', 'Nachweis Item ein Sicherung Projekt')
('Möglichkeit', 'Möglichkeit')
('Anzeige', 'Anzeige')
('Nutzer', 'Nutzer')
('OPENCOSS-Plattform', 'Opencoss Plattform')
('Baumstruktur', 'Baum Struktur')
('Nachweis-Items e"
28;Wenn ein Nachweis-Charakterisierungsmodell für ein Sicherungsprojekts ausgewählt wurde, die Nachweis-Items des Projekts mit Nachweisarten verknüpft sind und die Nachweisarten für die Definition von Zwischenknoten der Baumansicht, zur Anzeige der Nachweis-;"('ausgewählt', 'auswählen')
('Projekts', 'Projekt')
('Nachweis-Items', 'Nachweis-Item')
('Nachweis-Charakterisierungsmodell', 'Nachweis-Charakterisierungsmodell')
('verknüpft', 'verknüpfen')
('verwendet', 'verwenden')
('muss', 'muss')
('automatisch', 'aut";"('ausgewählt', 'VERB')
('verknüpft', 'VERB')
('verwendet', 'VERB')
('muss', 'VERB')
('automatisch', 'ADJ')
('verknüpften', 'VERB')
('aufnehmen', 'VERB')";"('die Baumansichtsknoten ihrer verknüpften Nachweisarten', 'der Baum Ansicht Knoten ihr verknüpfen Nachweis Art')
('Nachweis-Items des Projekts', 'Nachweis Item der Projekt')
('Zwischenknoten', 'Zwischen Knoten')
('Knoten', 'Knoten')
('Sicherungsprojekts'"
29;Die OPENCOSS-Plattform muss fähig sein, Berichte über den Nachweisbeleg eines Sicherungsprojekts in Form von HTML-Dateien zu generieren.;"('muss', 'muss')
('fähig', 'fähig')
('generieren', 'generieren')
('HTML-Dateien', 'HTML-Datei')
('Form', 'Form')
('Nachweisbeleg', 'Nachweisbeleg')
('OPENCOSS-Plattform', 'OPENCOSS-Plattform')
('Berichte', 'Bericht')
('Sicherungsprojekts', 'Sicherungsproj";"('muss', 'VERB')
('fähig', 'ADJ')
('generieren', 'VERB')";"('Berichte über den Nachweisbeleg eines Sicherungsprojekts', 'Bericht über der Nachweis Beleg ein Sicherung Projekt')
('HTML-Dateien', 'HTML Datei')
('OPENCOSS-Plattform', 'Opencoss Plattform')
('Form', 'Form')"
30;Die OPENCOSS-Plattform muss fähig sein, Berichte über den Nachweisbeleg eines Sicherungsprojekts anhand von Dokumenten in den Formaten PDF, RTF und MS Word zu erstellen.;"('muss', 'muss')
('fähig', 'fähig')
('erstellen', 'erstellen')
('Dokumenten', 'Dokument')
('Nachweisbeleg', 'Nachweisbeleg')
('OPENCOSS-Plattform', 'OPENCOSS-Plattform')
('RTF', 'RTF')
('Berichte', 'Bericht')
('PDF', 'PDF')
('Sicherungsprojekts', 'Sicheru";"('muss', 'VERB')
('fähig', 'ADJ')
('erstellen', 'VERB')";"('Formaten PDF, RTF und MS Word', 'Format PDF, RTF und MS Word')
('Berichte über den Nachweisbeleg eines Sicherungsprojekts', 'Bericht über der Nachweis Beleg ein Sicherung Projekt')
('Dokumenten', 'Dokument')
('OPENCOSS-Plattform', 'Opencoss Plattform')"
31;Die OPENCOSS-Plattform muss dem Nutzer die Möglichkeit bieten, Informationen, die in den Berichten über die Nachweisbelege eines Sicherungsprojekts enthalten sein sollen, anzugeben.;"('muss', 'muss')
('bieten', 'bieten')
('enthalten', 'enthalten')
('sollen', 'sollen')
('anzugeben', 'angeben')
('Nutzer', 'Nutzer')
('Informationen', 'Information')
('Berichten', 'Bericht')
('OPENCOSS-Plattform', 'OPENCOSS-Plattform')
('Nachweisbelege', '";"('muss', 'VERB')
('bieten', 'VERB')
('enthalten', 'VERB')
('sollen', 'VERB')
('anzugeben', 'VERB')";"('Berichten über die Nachweisbelege eines Sicherungsprojekts', 'Bericht über der Nachweis Beleg ein Sicherung Projekt')
('Möglichkeit', 'Möglichkeit')
('Informationen', 'Information')
('Nutzer', 'Nutzer')
('OPENCOSS-Plattform', 'Opencoss Plattform')"
32;Die OPENCOSS-Plattform muss dem Nutzer die Möglichkeit bieten, Nachweisrückverfolgbarkeitslinks zwischen den Nachweis-Items eines Sicherungsprojekts zu spezifizieren.;"('muss', 'muss')
('bieten', 'bieten')
('spezifizieren', 'spezifizieren')
('Nutzer', 'Nutzer')
('Nachweisrückverfolgbarkeitslinks', 'Nachweisrückverfolgbarkeitslink')
('Nachweis-Items', 'Nachweis-Item')
('OPENCOSS-Plattform', 'OPENCOSS-Plattform')
('Möglic";"('muss', 'VERB')
('bieten', 'VERB')
('spezifizieren', 'VERB')";"('Nachweisrückverfolgbarkeitslinks zwischen den Nachweis-Items eines Sicherungsprojekts, 'Nachweis Rückverfolgbarkeit Link zwischen der Nachweis Item ein Sicherung Projekt')
('Möglichkeit', 'Möglichkeit')
('Nutzer', 'Nutzer')
('OPENCOSS-Plattform', 'Openc"
33;Die OPENCOSS-Plattform muss die Informationen der Nachweisrückverfolgbarkeitslinks eines Sicherungsprojekts gemäß der CCL speichern.;"('muss', 'muss')
('speichern', 'speichern')
('CCL', 'CCL')
('Informationen', 'Information')
('OPENCOSS-Plattform', 'OPENCOSS-Plattform')
('Sicherungsprojekts', 'Sicherungsprojekt')
('Nachweisrückverfolgbarkeitslinks', 'Nachweisrückverfolgbarkeitslink')";"('muss', 'VERB')
('speichern', 'VERB')
('gemäß', 'ADJ')";"('Informationen der Nachweisrückverfolgbarkeitslinks', 'Information der Nachweis Rückverfolgbarkeit Link')
('OPENCOSS-Plattform', 'Opencoss Plattform')
('CCL', 'CCL')"
34;Die OPENCOSS-Plattform muss dem Nutzer die Möglichkeit bieten, für ein Sicherungsprojekt Link-Typen für die Nachweisrückverfolgbarkeitslinks zu definieren.;"('muss', 'muss')
('bieten', 'bieten')
('definieren', 'definieren')
('Nutzer', 'Nutzer')
('Sicherungsprojekt', 'Sicherungsprojekt')
('Nachweisrückverfolgbarkeitslinktypen', 'Nachweisrückverfolgbarkeitslinktyp')
('OPENCOSS-Plattform', 'OPENCOSS-Plattform')
";"('muss', 'VERB')
('bieten', 'VERB')
('definieren', 'VERB')";"('Möglichkeit', 'Möglichkeit')
('Nutzer', 'Nutzer')
('OPENCOSS-Plattform', 'Opencoss Plattform')
('Sicherungsprojekt', 'Sicherung Projekt')
('Nachweisrückverfolgbarkeitslinks', 'Nachweis Rückverfolgbarkeit Link')
('Link-Typen', 'Link-Typ')"
35;Die OPENCOSS-Plattform muss dem Nutzer die Möglichkeit bieten, die in einem anderen Projekt definierten Link-Typen der Nachweisrückverfolgbarkeitslinks in einem Sicherungsprojekt wiederzuverwenden.;"('muss', 'muss')
('bieten', 'bieten')
('anderen', 'ander')
('definierten', 'definieren')
('wiederzuverwenden', 'wiederverwenden')
('Nutzer', 'Nutzer')
('Sicherungsprojekt', 'Sicherungsprojekt')
('Nachweisrückverfolgbarkeitslinktypen', 'Nachweisrückverfolg";"('muss', 'VERB')
('bieten', 'VERB')
('anderen', 'ADJ')
('definierten', 'VERB')
('wiederzuverwenden', 'VERB')";"('anderen Projekt', 'ander Projekt')
('Möglichkeit', 'Möglichkeit')
('Nutzer', 'Nutzer')
('OPENCOSS-Plattform', 'Opencoss Plattform')
('Sicherungsprojekt', 'Sicherung Projekt')
('Linktypen', 'Link Typ')
('Nachweisrückverfolgbarkeitslinks in einem Sicherun"
36;Die OPENCOSS-Plattform muss die Nachweis-Items eines Sicherungsprojekts, die die Quelle eines Nachweisrückverfolgbarkeitslinks sind, für die wiederum ein bestimmtes Nachweis-Item das Ziel ist, anzeigen.;"('muss', 'muss')
('bestimmtes', 'bestimmt')
('anzeigen', 'anzeigen')
('Nachweis-Item', 'Nachweis-Item')
('Ziel', 'Ziel')
('Nachweis-Items', 'Nachweis-Item')
('OPENCOSS-Plattform', 'OPENCOSS-Plattform')
('Quelle', 'Quelle')
('Sicherungsprojekts', 'Sicherun";"('muss', 'VERB')
('bestimmtes', 'ADJ')
('anzeigen', 'VERB')";"('Nachweis-Items eines Sicherungsprojekts', 'Nachweis Item ein Sicherung Projekt')
('bestimmtes Nachweis-Item', 'bestimmt Nachweis Item')
('OPENCOSS-Plattform', 'Opencoss Plattform')
('Nachweisrückverfolgbarkeitslinks', 'Nachweis Rückverfolgbarkeit Link')"
37;Die OPENCOSS-Plattform muss die Nachweis-Items eines Sicherungsprojekts, die das Ziel von Nachweisrückverfolgbarkeitslinks sind, für die wiederum ein bestimmtes Nachweis-Item die Quelle ist, anzeigen.;"('muss', 'muss')
('bestimmtes', 'bestimmt')
('anzeigen', 'anzeigen')
('Nachweis-Item', 'Nachweis-Item')
('Ziel', 'Ziel')
('Nachweis-Items', 'Nachweis-Item')
('OPENCOSS-Plattform', 'OPENCOSS-Plattform')
('Quelle', 'Quelle')
('Sicherungsprojekts', 'Sicherun";"('muss', 'VERB')
('bestimmtes', 'ADJ')
('anzeigen', 'VERB')";"('Nachweis-Items eines Sicherungsprojekts', 'Nachweis Item ein Sicherung Projekt')
('Ziel von Nachweisrückverfolgbarkeitslinks', 'Ziel von Nachweis Rückverfolgbarkeit Link')
('bestimmtes Nachweis-Item', 'bestimmt Nachweis Item')
('OPENCOSS-Plattform', 'Op"
38;Wenn für ein Sicherungsprojekt ein Nachweis-Charakterisieungsmodell ausgewählt wurde und für ein Nachweis-Item des Projekts ein Nachweisrückverfolgbarkeitslink angegeben wurde, muss die OPENCOSS-Plattform die Information, ob der Nachweisrückverfolgbarkeit;"('ausgewählt', 'auswählen')
('angegeben', 'angeben')
('muss', 'muss')
('korrekt', 'korrekt')
('anzeigen', 'anzeigen')
('Modell', 'Modell')
('Information', 'Information')
('Nachweis-Item', 'Nachweis-Item')
('OPENCOSS-Plattform', 'OPENCOSS-Plattform')
('Nac";"('ausgewählt', 'VERB')
('angegeben', 'VERB')
('muss', 'VERB')
('korrekt', 'ADJ')
('anzeigen', 'VERB')
('gemäß', 'ADJ')";"('Nachweis-Item des Projekts', 'Nachweis Item der Projekt')
('Modell', 'Modell')
('Nachweisrückverfolgbarkeitslink', 'Nachweis Rückverfolgbarkeit Link')
('Sicherungsprojekt', 'Sicherung Projekt')
('OPENCOSS-Plattform', 'Opencoss Plattform')
('Information'"
39;Wenn ein Nachweisrückverfolgbarkeitslink eines Sicherungsprojekts gemäß dem für das Projekt gewählten Nachweis-Charakterisierungsmodell nicht korrekt ist, muss die OPENCOSS-Plattform einen solchen Link rot einfärben.;"('gewählten', 'wählen')
('korrekt', 'korrekt')
('muss', 'muss')
('rot', 'rot')
('einfärben', 'einfärben')
('Nachweis-Charakterisierungsmodell', 'Nachweis-Charakterisierungsmodell')
('OPENCOSS-Plattform', 'OPENCOSS-Plattform')
('Projekt', 'Projekt')
('Nach";"('gewählten', 'VERB')
('korrekt', 'ADJ')
('muss', 'VERB')
('rot', 'ADJ')
('einfärben', 'VERB')
('gemäß', 'ADJ')";"('für das Projekt gewählten Nachweis-Charakterisierungsmodell', 'für der Projekt gewählt Nachweis Charakterisierung Modell')
('Nachweisrückverfolgbarkeitslinks eines Sicherungsprojekts', 'Nachweis Rückverfolgbarkeit Link ein Sicherung Projekt')
('solchen "
40;Wenn für ein Sicherungsprojekt ein Nachweis-Charakterisierungmodell zur Spezifikation von Nachweisrückverfolgbarkeitslinks für ein Nachweis-Item des Projekts ausgewählt wurde, muss die OPENCOSS-Plattform mögliche Nachweis-Items, mit denen gemäß dem Modell;"('ausgewählt', 'auswählen')
('muss', 'muss')
('mögliche', 'möglich')
('spezifiziert', 'spezifizieren')
('könnten', 'können')
('anzeigen', 'anzeigen')
('Modell', 'Modell')
('Sicherungsprojekt', 'Sicherungsprojekt')
('Spezifikation', 'Spezifikation')
('Nach";"('ausgewählt', 'VERB')
('muss', 'VERB')
('mögliche', 'ADJ')
('spezifiziert', 'VERB')
('könnten', 'VERB')
('anzeigen', 'VERB')
('gemäß', 'ADJ')";"('mögliche Nachweis-Items', 'möglich Nachweis Item')
('Nachweis-Charakterisierungmodell', 'Nachweis Charakterisierung Modell')
('Projekts', 'Projekt')
('OPENCOSS-Plattform', 'Opencoss Plattform')
('Spezifikation', 'Spezifikation')
('Sicherungsprojekt', 'S"
41;Die OPENCOSS-Plattform muss dem Nutzer die Möglichkeit bieten, Nachweisrückverfolgbarkeitslinks eines Sicherungsprojekts zu löschen.;"('muss', 'muss')
('bieten', 'bieten')
('löschen', 'löschen')
('Nutzer', 'Nutzer')
('Nachweisrückverfolgbarkeitslinks', 'Nachweisrückverfolgbarkeitslink')
('OPENCOSS-Plattform', 'OPENCOSS-Plattform')
('Möglichkeit', 'Möglichkeit')
('Sicherungsprojekts', 'S";"('muss', 'VERB')
('bieten', 'VERB')
('löschen', 'VERB')";"('Nachweisrückverfolgbarkeitslinks eines Sicherungsprojekts', 'Nachweis Rückverfolgbarkeit Link ein Sicherung Projekt')
('Möglichkeit', ' Möglichkeit')
('Nutzer', ' Nutzer')
('OPENCOSS-Plattform', 'Opencoss Plattform')"
42;Wenn ein Nutzer einen Nachweisrückverfolgbarkeitslink eines Sicherungsprojekts löschen möchte, muss die OPENCOSS-Plattform eine Bestätigung der Aktion durch den Benutzer verlangen.;"('löschen', 'löschen')
('möchte', 'mögen')
('muss', 'muss')
('verlangen', 'verlangen')
('Nutzer', 'Nutzer')
('Benutzer', 'Benutzer')
('OPENCOSS-Plattform', 'OPENCOSS-Plattform')
('Aktion', 'Aktion')
('Bestätigung', 'Bestätigung')
('Nachweisrückverfolgbark";"('löschen', 'VERB')
('möchte', 'VERB')
('muss', 'VERB')
('verlangen', 'VERB')";"('Nachweisrückverfolgbarkeitslink eines Sicherungsprojekts', 'Nachweis Rückverfolgbarkeit Link ein Sicherung Projekt')
('Nutzer', ' Nutzer')
('OPENCOSS-Plattform', 'Opencoss Plattform')
('Aktion', ' Aktion')
('Bestätigung', ' Bestätigung')
('Benutzer', ' "
43;Wenn ein Nachweis-Item eines Sicherungsprojekts die Quelle oder das Ziel eines Nachweisrückverfolgbarkeitslinks ist und das Nachweis-Item aus dem Projekt gelöscht wird, muss die OPENCOSS-Plattform auch den Nachweisrückverfolgbarkeitslink aus dem Projekt e;"('gelöscht', 'löschen')
('muss', 'muss')
('entfernen', 'entfernen')
('Nachweis-Item', 'Nachweis-Item')
('wird', 'sein')
('Ziel', 'Ziel')
('Nachweisrückverfolgbarkeitslinks', 'Nachweisrückverfolgbarkeitslink')
('OPENCOSS-Plattform', 'OPENCOSS-Plattform')
(";"('gelöscht', 'VERB')
('muss', 'VERB')
('entfernen', 'VERB')";"('Nachweis-Item eines Sicherungsprojekts ', 'Nachweis Item ein Sicherung Projekt')
('OPENCOSS-Plattform', 'Opencoss Plattform')
('Projekt', ' Projekt')
('Nachweisrückverfolgbarkeitslink', 'Nachweis Rückverfolgbarkeit Link')
('Quelle', ' Quelle')
('Ziel', "
44;Wenn ein Nachweis-Charakterisierungsmodell für ein Sicherungsprojekt ausgewählt wurde, muss die OPENCOSS-Plattform die erforderlichen fehlenden Links entsprechend dem Modell anzeigen.;"('ausgewählt', 'auswählen')
('muss', 'muss')
('erforderlichen', 'erforderlich')
('fehlenden', 'fehlend')
('anzeigen', 'anzeigen')
('Modell', 'Modell')
('Sicherungsprojekt', 'Sicherungsprojekt')
('Nachweis-Charakterisierungsmodell', 'Nachweis-Charakterisie";"('ausgewählt', 'VERB')
('muss', 'VERB')
('erforderlichen', 'ADJ')
('fehlenden', 'ADJ')
('anzeigen', 'VERB')
('entsprechend', 'ADJ')";"('erforderlichen fehlenden Links', 'erforderlich fehlend Link')
('Modell', ' Modell')
('OPENCOSS-Plattform', 'Opencoss Plattform')
('Sicherungsprojekt', 'Sicherung Projekt')
('Nachweis-Charakterisierungsmodell', 'Nachweis Charakterisierungs Modell')"
45;Die OPENCOSS-Plattform muss fähig sein Nachweisrückverfolgbarkeitslinks zwischen den Nachweis-Items eines Sicherungsprojekts mit Hilfe von Rückverfolgbarkeitsmatrizen aufzuzeigen.;"('muss', 'muss')
('fähig', 'fähig')
('aufzuzeigen', 'aufzeigen')
('Hilfe', 'Hilfe')
('Nachweis-Items', 'Nachweis-Item')
('OPENCOSS-Plattform', 'OPENCOSS-Plattform')
('Sicherungsprojekts', 'Sicherungsprojekt')
('Nachweisrückverfolgbarkeitslinks', 'Nachweis";"('muss', 'VERB')
('fähig', 'ADJ')
('aufzuzeigen', 'VERB')";"('Nachweis-Items eines Sicherungsprojekts', 'Nachweis Item ein Sicherung Projekt')
('Nachweisrückverfolgbarkeitslinks', 'Nachweis Rückverfolgbarkeit Link')
('Hilfe', ' Hilfe')
('OPENCOSS-Plattform', 'Opencoss Plattform')
('Rückverfolgbarkeitsmatrizen', 'R"
46;Bei der Verwendung von Matrizen zur Darstellung der Nachweisrückverfolgbarkeitslinks eines Sicherungsprojekts muss die OPENCOSS-Plattform dem Nutzer die Möglichkeit bieten, Quell- und Zielnachweisarten aus anderen Verlinkungs-Matrizen auszuwählen.;"('muss', 'muss')
('bieten', 'bieten')
('anderen', 'ander')
('auszuwählen', 'auswählen')
('Nutzer', 'Nutzer')
('Matrizen', 'Matrix')
('Verlinkungs-Matrizen', 'Verlinkungs-Matrix')
('Nachweisrückverfolgbarkeitslinks', 'Nachweisrückverfolgbarkeitslink')
('Da";"('muss', 'VERB')
('bieten', 'VERB')
('anderen', 'ADJ')
('auszuwählen', 'VERB')";"('Quell- und Zielnachweisarten', 'Quell und Ziel Nachweis Art')
('Nachweisrückverfolgbarkeitslinks eines Sicherungsprojekts', 'Nachweis Rückverfolgbarkeit Link ein Sicherung Projekt')
('Möglichkeit', ' Möglichkeit')
('Darstellung', ' Darstellung')
('Nutze"
47;Die OPENCOSS-Plattform muss dem Nutzer die Möglichkeit bieten, Nachweisrückverfolgbarkeitslinks in Rückverfolgbarkeitsmatrizen zu spezifizieren.;"('muss', 'muss')
('bieten', 'bieten')
('spezifizieren', 'spezifizieren')
('Nutzer', 'Nutzer')
('Nachweisrückverfolgbarkeitslinks', 'Nachweisrückverfolgbarkeitslink')
('Rückverfolgbarkeitsmatrizen', 'Rückverfolgbarkeitsmatrix')
('OPENCOSS-Plattform', 'OPEN";"('muss', 'VERB')
('bieten', 'VERB')
('spezifizieren', 'VERB')";"('Möglichkeit', ' Möglichkeit')
('Nutzer', ' Nutzer')
('OPENCOSS-Plattform', 'Opencoss Plattform')
('Rückverfolgbarkeitsmatrizen', 'Rückverfolgbarkeit Matrix')
('Nachweisrückverfolgbarkeitslinks', 'Nachweis Rückverfolgbarkeit Link')"
48;Die OPENCOSS-Plattform muss fähig sein, die Beweisketten, zu denen ein Nachweis-Item eines Sicherungsprojekts gehört, anhand von Modellen darzustellen.;"('muss', 'muss')
('fähig', 'fähig')
('gehört', 'gehören')
('darzustellen', 'darstellen')
('Nachweis-Item', 'Nachweis-Item')
('Beweisketten', 'Beweiskette')
('OPENCOSS-Plattform', 'OPENCOSS-Plattform')
('Modellen', 'Modell')
('Sicherungsprojekts', 'Sicheru";"('muss', 'VERB')
('fähig', 'ADJ')
('gehört', 'VERB')
('darzustellen', 'VERB')";"('Nachweis-Items eines Sicherungsprojekts', 'Nachweis Item ein Sicherung Projekt')
('Beweisketten', ' Beweiskette')
('OPENCOSS-Plattform', 'Opencoss Plattform')
('Nachweis-Item', ' Nachweis Item')
('Modellen', ' Modell')"
49;Die OPENCOSS-Plattform muss dem Nutzer die Möglichkeit bieten, Tabellen zur Darstellung der Nachweis-Item-Rückverfolgbarkeit eines Sicherungsprojekts zu definieren.;"('muss', 'muss')
('bieten', 'bieten')
('definieren', 'definieren')
('Nutzer', 'Nutzer')
('Darstellung', 'Darstellung')
('Nachweis-Item-Rückverfolgbarkeit', 'Nachweis-Item-Rückverfolgbarkeit')
('OPENCOSS-Plattform', 'OPENCOSS-Plattform')
('Möglichkeit', 'M";"('muss', 'VERB')
('bieten', 'VERB')
('definieren', 'VERB')";"('Möglichkeit', ' Möglichkeit')
('Darstellung', ' Darstellung')
('Nutzer', ' Nutzer')
('Tabellen', ' Tabelle')
('Nachweis-Item-Rückverfolgbarkeit eines Sicherungsprojekts', 'Nachweis Item Rückverfolgbarkeit ein Sicherung Projekt')
('OPENCOSS-Plattform', '"
50;Bei der Darstellung der Nachweis-Item-Rückverfolgbarkeit mittels Tabellen muss die OPENCOSS-Plattform, die Angabe der Nachweisarten, die in die Tabelle aufgenommen werden sollen, verlangen.;"('muss', 'muss')
('aufgenommen', 'aufnehmen')
('sollen', 'sollen')
('verlangen', 'verlangen')
('Tabelle', 'Tabelle')
('Darstellung', 'Darstellung')
('Nachweis-Item-Rückverfolgbarkeit', 'Nachweis-Item-Rückverfolgbarkeit')
('OPENCOSS-Plattform', 'OPENCOSS-P";"('muss', 'VERB')
('aufgenommen', 'VERB')
('sollen', 'VERB')
('verlangen', 'VERB')";"('Angabe', ' Angabe')
('Darstellung', ' Darstellung')
('Tabellen', ' Tabelle')
('Nachweis-Item-Rückverfolgbarkeit', 'Nachweis-Item Rückverfolgbarkeit')
('OPENCOSS-Plattform', 'Opencoss Plattform')
('Nachweisarten', ' Nachweis Art')
('Tabelle', ' Tabelle')"
51;Die OPENCOSS-Plattform wird für jede Nachweisart, die vom Nutzer in eine Tabelle zur Visualisierung der Rückverfolgbarkeit aufgenommen werden soll, eine Spalte innerhalb dieser Tabelle vorhalten.;"('aufgenommen', 'aufnehmen')
('soll', 'soll')
('vorhalten', 'vorhalten')
('Nutzer', 'Nutzer')
('Tabelle', 'Tabelle')
('wird', 'sein')
('OPENCOSS-Plattform', 'OPENCOSS-Plattform')
('Rückverfolgbarkeit', 'Rückverfolgbarkeit')
('Visualisierung', 'Visualisier";"('aufgenommen', 'VERB')
('soll', 'VERB')
('vorhalten', 'VERB')";"('Rückverfolgbarkeit', ' Rückverfolgbarkeit')
('Spalte', ' Spalte')
('Nachweisart', ' Nachweis Art')
('Nutzer', ' Nutzer')
('OPENCOSS-Plattform', 'Opencoss Plattform')
('Tabelle', ' Tabelle')
('Visualisierung', ' Visualisierung')"
52;Die OPENCOSS-Plattform muss dem Nutzer die Möglichkeit bieten, Nachweisrückverfolgbarkeitslinks in Rückverfolgbarkeitstabellen zu spezifizieren.;"('muss', 'muss')
('bieten', 'bieten')
('spezifizieren', 'spezifizieren')
('Nutzer', 'Nutzer')
('OPENCOSS-Plattform', 'OPENCOSS-Plattform')
('Möglichkeit', 'Möglichkeit')
('Rückverfolgbarkeitstabellen', 'Rückverfolgbarkeitstabelle')
('Nachweisrückverfolgba";"('muss', 'VERB')
('bieten', 'VERB')
('spezifizieren', 'VERB')";"('Möglichkeit', ' Möglichkeit')
('Nutzer', ' Nutzer')
('OPENCOSS-Plattform', 'Opencoss Plattform')
('Rückverfolgbarkeitstabellen', 'Rückverfolgbarkeit Tabelle')
('Nachweisrückverfolgbarkeitslinks', 'Nachweis Rückverfolgbarkeit Link')"
53;Bei der Verwendung von Tabellen zur Sicherung der Rückverfolgbarkeit von Nachweisen in einem Sicherungsprojekt muss die OPENCOSS-Plattform dem Nutzer die Möglichkeit bieten,  Nachweisarten aus einer anderen Tabelle auszuwählen.;"('muss', 'muss')
('bieten', 'bieten')
('anderen', 'ander')
('auszuwählen', 'auswählen')
('Nutzer', 'Nutzer')
('Sicherungsprojekt', 'Sicherungsprojekt')
('Tabelle', 'Tabelle')
('OPENCOSS-Plattform', 'OPENCOSS-Plattform')
('Sicherung', 'Sicherung')
('Rückve";"('muss', 'VERB')
('bieten', 'VERB')
('anderen', 'ADJ')
('auszuwählen', 'VERB')";"('anderen Tabelle', 'ander Tabelle')
('Rückverfolgbarkeit', ' Rückverfolgbarkeit')
('Möglichkeit', ' Möglichkeit')
('Nachweisen', ' Nachweis')
('Nutzer', ' Nutzer')
('Tabellen', ' Tabelle')
('OPENCOSS-Plattform', 'Opencoss Plattform')
('Sicherungsprojekt'"
54;Die OPENCOSS-Plattform muss dem Nutzer die Möglichkeit bieten, Nachweis-Items eines Sicherungsprojekts nach den Bewertungskriterien aus der CCL zu bewerten.;"('muss', 'muss')
('bieten', 'bieten')
('bewerten', 'bewerten')
('Nutzer', 'Nutzer')
('CCL', 'CCL')
('Nachweis-Items', 'Nachweis-Item')
('OPENCOSS-Plattform', 'OPENCOSS-Plattform')
('Bewertungskriterien', 'Bewertungskriterium')
('Möglichkeit', 'Möglichkeit";"('muss', 'VERB')
('bieten', 'VERB')
('bewerten', 'VERB')";"('Sicherungsprojekts', 'Sicherung Projekt')
('Möglichkeit', ' Möglichkeit')
('Nachweis-Items', 'Nachweis Item')
('Nutzer', ' Nutzer')
('Bewertungskriterien', 'Bewertung Kriterium')
('OPENCOSS-Plattform', 'Opencoss Plattform')
('CCL', ' CCL')"
55;Die OPENCOSS-Plattform muss dem Nutzer die Möglichkeit bieten, die Begründung für die Bewertung eines Nachweis-Items eines Sicherungsprojekts zu spezifizieren.;"('muss', 'muss')
('bieten', 'bieten')
('spezifizieren', 'spezifizieren')
('Nutzer', 'Nutzer')
('Bewertung', 'Bewertung')
('Nachweis-Items', 'Nachweis-Item')
('OPENCOSS-Plattform', 'OPENCOSS-Plattform')
('Nachweis-Items', 'Nachweis-Item')
('Möglichkeit', '";"('muss', 'VERB')
('bieten', 'VERB')
('spezifizieren', 'VERB')";"('Nachweis-Items eines Sicherungsprojekts', 'Nachweis Item ein Sicherung Projekt')
('Begründung', ' Begründung')
('Möglichkeit', ' Möglichkeit')
('Nutzer', ' Nutzer')
('Bewertung', ' Bewertung')
('OPENCOSS-Plattform', 'Opencoss Plattform')"
56;Wenn ein Nachweis-Item eines Sicherungsprojekts mit anderen Nachweis-Items des Projekts über einen Nachweisrückverfolgbarkeitslink verbunden ist, muss die OPENCOSS-Plattform den Nutzer über die mögliche Abhängigkeit der Bewertung des Nachweis-Items von de;"('anderen', 'ander')
('verbunden', 'verbinden')
('muss', 'muss')
('mögliche', 'möglich')
('anderen', 'ander')
('informieren', 'informieren')
('Nutzer', 'Nutzer')
('Nachweis-Item', 'Nachweis-Item')
('Bewertung', 'Bewertung')
('OPENCOSS-Plattform', 'OPENCOS";"('anderen', 'ADJ')
('verbunden', 'VERB')
('muss', 'VERB')
('mögliche', 'ADJ')
('informieren', 'VERB')";"('Nachweis-Item eines Sicherungsprojekts', 'Nachweis Item ein Sicherung Projekt')
('mögliche Abhängigkeit', 'möglich Abhängigkeit')
('Nachweisrückverfolgbarkeitslink', 'Nachweis Rückverfolgbarkeit Link')
('Nutzer', ' Nutzer')
('Bewertung des Nachweis-Item"
57;Die OPENCOSS-Plattform muss dem Nutzer die Möglichkeit bieten, Kriterien für die Bewertung der Nachweis-Items eines Sicherungsprojekts zu definieren.;"('muss', 'muss')
('bieten', 'bieten')
('definieren', 'definieren')
('Nutzer', 'Nutzer')
('Bewertung', 'Bewertung')
('Nachweis-Items', 'Nachweis-Item')
('OPENCOSS-Plattform', 'OPENCOSS-Plattform')
('Kriterien', 'Kriterium')
('Möglichkeit', 'Möglichkeit')
(";"('muss', 'VERB')
('bieten', 'VERB')
('definieren', 'VERB')";"('Nachweis-Items eines Sicherungsprojekts', 'Nachweis Item ein Sicherung Projekt')
('Möglichkeit', ' Möglichkeit')
('Nutzer', ' Nutzer')
('Bewertung der Nachweis-Items eines Sicherungsprojekts', ' Bewertung der Nachweis Item ein Sicherungsprojekt')
('Krit"
58;Die OPENCOSS-Plattform muss dem Nutzer die Möglichkeit bieten, Kriterien für die Bewertung der Nachweis-Items eines Sicherungsprojekts zu ändern.;"('muss', 'muss')
('bieten', 'bieten')
('ändern', 'ändern')
('Nutzer', 'Nutzer')
('Bewertung', 'Bewertung')
('Nachweis-Items', 'Nachweis-Item')
('OPENCOSS-Plattform', 'OPENCOSS-Plattform')
('Kriterien', 'Kriterium')
('Möglichkeit', 'Möglichkeit')
('Sicheru";"('muss', 'VERB')
('bieten', 'VERB')
('ändern', 'VERB')";"('Nachweis-Items eines Sicherungsprojekts', 'Nachweis Item ein Sicherung Projekt')
('Möglichkeit', ' Möglichkeit')
('Nutzer', ' Nutzer')
('Bewertung der Nachweis-Items eines Sicherungsprojekts', ' Bewertung der Nachweis Item ein Sicherungsprojekt')
('Krit"
59;Die OPENCOSS-Plattform muss dem Nutzer die Möglichkeit bieten, Nachweis-Items eines Projekts nach den Bewertungskriterien von Nachweis-Items aus anderen Sicherungsprojekten zu bewerten.;"('muss', 'muss')
('bieten', 'bieten')
('anderen', 'ander')
('bewerten', 'bewerten')
('Nutzer', 'Nutzer')
('Sicherungsprojekten', 'Sicherungsprojekt')
('Nachweis-Items', 'Nachweis-Item')
('OPENCOSS-Plattform', 'OPENCOSS-Plattform')
('Bewertungskriterien', ";"('muss', 'VERB')
('bieten', 'VERB')
('anderen', 'ADJ')
('bewerten', 'VERB')";"('Nachweis-Items eines Projekts', 'Nachweis Item ein Projekt')
('Möglichkeit', ' Möglichkeit')
('Nutzer', ' Nutzer')
('Bewertungskriterien', 'Bewertung Kriterium')
('Sicherungsprojekten', 'Sicherung Projekt')
('OPENCOSS-Plattform', 'Opencoss Plattform')
("
60;Die OPENCOSS-Plattform muss dem Nutzer die Möglichkeit bieten, Bewertungskategorien für die Bewertungskriterien der Nachweis-Items eines Sicherungsprojekts zu definieren.;"('muss', 'muss')
('bieten', 'bieten')
('definieren', 'definieren')
('Nutzer', 'Nutzer')
('Bewertungskategorien', 'Bewertungskategorie')
('Nachweis-Items', 'Nachweis-Item')
('OPENCOSS-Plattform', 'OPENCOSS-Plattform')
('Bewertungskriterien', 'Bewertungskri";"('muss', 'VERB')
('bieten', 'VERB')
('definieren', 'VERB')";"('Nachweis-Items eines Sicherungsprojekts', 'Nachweis Item ein Sicherung Projekt')
('Möglichkeit', ' Möglichkeit')
('Nutzer', ' Nutzer')
('Bewertungskriterien', 'Bewertung Kriterium')
('Bewertungskategorien', 'Bewertung Kategorie')
('OPENCOSS-Plattform', "
61;Die OPENCOSS-Plattform muss dem Nutzer die Möglichkeit bieten, die für die Bewertungskriterien der Nachweis-Items eines Sicherungsprojekts definierten Bewertungskategorien zu ändern.;"('muss', 'muss')
('bieten', 'bieten')
('definierten', 'definieren')
('ändern', 'ändern')
('Nutzer', 'Nutzer')
('Nachweis-Items', 'Nachweis-Item')
('OPENCOSS-Plattform', 'OPENCOSS-Plattform')
('Bewertungskriterien', 'Bewertungskriterium')
('Möglichkeit', '";"('muss', 'VERB')
('bieten', 'VERB')
('definierten', 'VERB')
('ändern', 'VERB')";"('Sicherungsprojekts', 'Sicherung Projekt')
('Möglichkeit', ' Möglichkeit')
('Bewertungskategorien', 'Bewertung Kategorie')
('Nachweis-Items eines Sicherungsprojekts', 'Nachweis-Item ein Sicherungsprojekt')
('Nutzer', ' Nutzer')
('Bewertungskriterien', 'B"
62;Die OPENCOSS-Plattform muss dem Nutzer die Möglichkeit bieten, Nachweis-Items eines Sicherungsprojekts mit Bewertungskategorien für die in anderen Projekten definierten Bewertungskriterien zu bewerten.;"('muss', 'muss')
('bieten', 'bieten')
('anderen', 'ander')
('definierten', 'definieren')
('bewerten', 'bewertten')
('Nutzer', 'Nutzer')
('Nachweis-Items', 'Nachweis-Item')
('OPENCOSS-Plattform', 'OPENCOSS-Plattform')
('Bewertungskriterien', 'Bewertungskri";"('muss', 'VERB')
('bieten', 'VERB')
('anderen', 'ADJ')
('definierten', 'VERB')
('bewerten', 'VERB')";"('Nachweis-Items eines Sicherungsprojekts', 'Nachweis-Item ein Sicherung Projekt')
('Möglichkeit', ' Möglichkeit')
('Nutzer', ' Nutzer')
('Bewertungskriterien', 'Bewertung Kriterium')
('Bewertungskategorien', 'Bewertung Kategorie')
('OPENCOSS-Plattform', "
63;Die OPENCOSS-Plattform muss dem Nutzer die Möglichkeit bieten, die Bewertung der Nachweis-Items eines Sicherungsprojekts bei Verfolgung der Änderungshistorie zu ändern.;"('muss', 'muss')
('bieten', 'bieten')
('Nutzer', 'Nutzer')
('Möglichkeit', 'Möglichkeit')
('Sicherungsprojekts', 'Sicherungsprojekt')
('OPENCOSS-Plattform', 'OPENCOSS-Plattform')
('Verfolgung', 'Verfolgung')
('Änderungshistorie', 'Änderungshistorie')
('Na";"('muss', 'VERB')
('bieten', 'VERB')
('ändern', 'VERB')";"('Nachweis-Items eines Sicherungsprojekts', 'Nachweis Item ein Sicherung Projekt')
('Möglichkeit', ' Möglichkeit')
('Nutzer', ' Nutzer')
('Bewertung', 'Bewertung')
('OPENCOSS-Plattform', 'Opencoss Plattform')
('Verfolgung', ' Verfolgung')
('Änderungshisto"
64;Die OPENCOSS-Plattform muss dem Nutzer die Möglichkeit bieten, Aktionen, die für den Nachweisbeleg eines Sicherungsprojekts benötigt werden, als Ergebnis der Nachweisbewertung zu spezifizieren.;"('muss', 'muss')
('bieten', 'bieten')
('Nutzer', 'Nutzer')
('Möglichkeit', 'Möglichkeit')
('Sicherungsprojekts', 'Sicherungsprojekt')
('OPENCOSS-Plattform', 'OPENCOSS-Plattform')
('Nachweisbeleg', 'Nachweisbeleg')
('Aktionen', 'Aktion')
('Nachweisbewertun";"('muss', 'VERB')
('bieten', 'VERB')
('benötigt', 'VERB')
('spezifizieren', 'VERB')";"('Ergebnis der Nachweisbewertung', 'Ergebnis der Nachweis Bewertung')
('Aktionen', 'Aktion')
('Nachweisbeleg eines Sicherungsprojekts', 'Nachweis Beleg ein Sicherung Projekt')
('Möglichkeit', ' Möglichkeit')
('Nutzer', ' Nutzer')
('OPENCOSS-Plattform', 'O"
65;Die OPENCOSS-Plattform muss dem Nutzer die Möglichkeit bieten, die als Ergebnis der Nachweisbewertung erhaltenen Informationen über auszuführende Aktionen in einem Sicherungsprojekt per E-Mail zu verschicken.;"('muss', 'muss')
('bieten', 'bieten')
('Aktionen', 'Aktion')
('Nutzer', 'Nutzer')
('Ergebnis', 'Ergebnis')
('Möglichkeit', 'Möglichkeit')
('Sicherungsprojekt', 'Sicherungsprojekt')
('OPENCOSS-Plattform', 'OPENCOSS-Plattform')
('Nachweisbewertung', 'Nachwe";"('muss', 'VERB')
('bieten', 'VERB')
('erhaltenen', 'ADJ')
('auszuführende', 'ADJ')
('verschicken', 'VERB')";"('als Ergebnis der Nachweisbewertung erhaltenen Informationen', 'als Ergebnis der Nachweis Bewertung erhalten Information')
('auszuführende Aktionen', 'auszuführende Aktion')
('Sicherungsprojekt', 'Sicherung Projekt')
('Möglichkeit', ' Möglichkeit')
('Nut"
66;Die OPENCOSS-Plattform muss dem Nutzer die Möglichkeit bieten, die als Ergebnis der Nachweisbewertung erhaltenen Nachweis-Items, die verknüpft sind mit Aktionen, welche im Nachweisbeleg eines Sicherungsprojekts benötigt werden, anzugeben.;"('muss', 'muss')
('bieten', 'bieten')
('erhaltenen', 'erhalten')
('Aktionen', 'Aktion')
('Nutzer', 'Nutzer')
('Ergebnis', 'Ergebnis')
('Möglichkeit', 'Möglichkeit')
('Sicherungsprojekts', 'Sicherungsprojekt')
('OPENCOSS-Plattform', 'OPENCOSS-Plattform')
(";"('muss', 'VERB')
('bieten', 'VERB')
('erhaltenen', 'ADJ')
('verknüpft', 'VERB')
('benötigt', 'VERB')
('anzugeben', 'VERB')";"('als Ergebnis der Nachweisbewertung erhaltenen Nachweis-Items', 'als Ergebnis der Nachweis Bewertung erhalten Nachweis Item')
('Aktionen', 'Aktion')
('Nachweisbeleg eines Sicherungsprojekts', 'Nachweis Beleg ein Sicherung Projekt')
('Möglichkeit', ' Mögl"
67;Wenn ein Nachweis-Item eines Sicherungsprojekts mit Aktionen verknüpft wurde, die als Ergebnis der Nachweisbewertung durchzuführen sind, muss die OPENCOSS-Plattform ein solches Nachweis-Item rot einfärben.;"('muss', 'muss')
('wurde', 'sein')
('verknüpft', 'verknüpft')
('Aktionen', 'Aktion')
('Ergebnis', 'Ergebnis')
('OPENCOSS-Plattform', 'OPENCOSS-Plattform')
('Nachweisbewertung', 'Nachweisbewertung')
('Nachweis-Item', 'Nachweis-Item')
('Sicherungsprojekts',";"('muss', 'VERB')
('verknüpft', 'VERB')
('durchzuführen', 'VERB')
('rot', 'ADJ')
('einfärben', 'VERB')";"('Nachweis-Item eines Sicherungsprojekts', ' Nachweis Item Sicherung Projekt')
('Ergebnis der Nachweisbewertung', 'Ergebnis der Nachweis Bewertung')
('Nachweis-Item', 'Nachweis Item')
('Aktionen', ' Aktion')
('OPENCOSS-Plattform', 'Opencoss Plattform')"
68;"Die OPENCOSS-Plattform muss den Status einer Aktion, die in einem Sicherungsprojekt als Ergebnis der Nachweisbewertung erforderlich ist, falls dieser ""noch ausstehend"" oder ""adressiert"" ist, aufzeichnen.";"('muss', 'muss')
('Ergebnis', 'Ergebnis')
('OPENCOSS-Plattform', 'OPENCOSS-Plattform')
('Nachweisbewertung', 'Nachweisbewertung')
('Status', 'Status')
('Sicherungsprojekt', 'Sicherungsprojekt')
('Aktion', 'Aktion')
('erforderlich', 'erforderlich')
('ausst";"('muss', 'VERB')
('erforderlich', 'ADJ')
('ausstehend', 'ADJ')
('adressiert', 'VERB')
('aufzeichnen', 'VERB')";"('Sicherungsprojekt', ' Sicherung Projekt')
('OPENCOSS-Plattform', 'Opencoss Plattform')
('Ergebnis der Nachweisbewertung', 'Ergebnis der Nachweis Bewertung')
('Status einer Aktion', ' Status ein Aktion')"
69;Die OPENCOSS-Plattform muss Aktionen, die in einem Sicherungsprojekt als Ergebnis der Nachweisbewertung erforderlich sind, aufzeigen.;"('muss', 'muss')
('erforderlich', 'erforderlich')
('aufzeigen', 'aufzeigen')
('Ergebnis', 'Ergebnis')
('Aktionen', 'Aktion')
('Sicherungsprojekt', 'Sicherungsprojekt')
('OPENCOSS-Plattform', 'OPENCOSS-Plattform')
('Nachweisbewertung', 'Nachweisbewertung')";"('muss', 'VERB')
('erforderlich', 'ADJ')
('aufzeigen', 'VERB')";"('Ergebnis der Nachweisbewertung', 'Ergebnis der Nachweis Bewertung')
('Aktion', ' Aktion')
('OPENCOSS-Plattform', 'Opencoss Plattform')
('Sicherungsprojekt', 'Sicherung Projekt')"
70;Die OPENCOSS-Plattform muss dem Nutzer die Möglichkeit bieten, die Information, ob eine im Sicherungsprojekt als Ergebnis der Nachweisbewertung erforderliche Aktion adressiert wurde, anzugeben.;"('muss', 'muss')
('bieten', 'bieten')
('wurde', 'sein')
('adressiert', 'adressieren')
('erforderliche', 'erforderlich')
('anzugeben', 'angeben')
('Aktion', 'Aktion')
('Ergebnis', 'Ergebnis')
('Sicherungsprojekt', 'Sicherungsprojekt')
('OPENCOSS-Plattform'";"('muss', 'VERB')
('erforderliche', 'ADJ')
('anzugeben', 'VERB')
('adressiert', 'VERB')
('bieten', 'VERB')";"('Ergebnis der Nachweisbewertung', 'Ergebnis der Nachweis Bewertung')
('Aktion', ' Aktion')
('OPENCOSS-Plattform', 'Opencoss Plattform')
('Sicherungsprojekt', 'Sicherung Projekt')
('Möglichkeit', ' Möglichkeit')
('Nutzer', ' Nutzer')
('Information', 'Info"
71;"Wenn der Status einer Aktion, die in einem Sicherungsprojekt als Ergebnis der Nachweisbewertung erforderlich ist, ""noch ausstehend"" ist, muss die OPENCOSS-Plattform eine solche Aktion rot einfärben.";"('muss', 'muss')
('erforderlich', 'erforderlich')
('ausstehend', 'ausstehend')
('Ergebnis', 'Ergebnis')
('Aktion', 'Aktion')
('Sicherungsprojekt', 'Sicherungsprojekt')
('OPENCOSS-Plattform', 'OPENCOSS-Plattform')
('Nachweisbewertung', 'Nachweisbewertung')";"('muss', 'VERB')
('erforderlich', 'ADJ')
('ausstehend', 'ADJ')
('rot', 'ADJ')
('einfärben', 'VERB')";"('Ergebnis der Nachweisbewertung', 'Ergebnis der Nachweis Bewertung')
('Aktion', 'Aktion')
('Sicherungsprojekt', 'Sicherung Projekt')
('OPENCOSS-Plattform', 'Opencoss Plattform')
('Status einer Aktion', ' Status ein Aktion')"
72;Wenn alle in einem Sicherungsprojekt zu erbringenden Nachweis-Items gemäß dem Nachweis-Charakterisierungsmodell des Projekts erbracht wurden, muss die OPENCOSS-Plattform die Information, dass der Nachweisbeleg des Sicherungsprojekts als vollständig betrac;"('muss', 'muss')
('erbringenden', 'erbringen')
('vollständig', 'vollständig')
('OPENCOSS-Plattform', 'OPENCOSS-Plattform')
('werden', 'sein')
('kann', 'können')
('anzeigen', 'anzeigen')
('Nachweisbeleg', 'Nachweisbeleg')
('Projekts', 'Projekt')
('Informat";"('kann', 'VERB')
('anzeigen', 'VERB')
('erbringenden', 'ADJ')
('vollständig', 'ADJ')
('muss', 'VERB')
('erbracht', 'VERB')
('gemäß', 'ADJ')
('betrachtet', 'VERB')";"('Nachweisbeleg des Sicherungsprojekts', ' Nachweis Beleg der Sicherung Projekt')
('Sicherungsprojekt', 'Sicherungsprojekt')
('Projekts', ' Projekt')
('OPENCOSS-Plattform', 'Opencoss Plattform')
('Nachweis-Items', 'Nachweis Item')
('Nachweis-Charakterisie"
73;Wenn der Nachweisbeleg eines Sicherungsprojekts als vollständig betrachtet wird, alle Nachweisrückverfolgbarkeitslinks des Projekts korrekt sind, es keine noch ausstehenden Aktionen im Projekt gibt und die aus externen Werkzeugen im Projekt importierten I;"('werden', 'sein')
('muss', 'muss')
('vollständig', 'vollständig')
('betrachtet', 'betrachten')
('kann', 'können')
('anzeigen', 'anzeigen')
('Nachweisbeleg', 'Nachweisbeleg')
('Projekts', 'Projekt')
('Information', 'Information')
('Aktionen', 'Aktion')
('";"('vollständig', 'ADJ')
('betrachtet', 'VERB')
('korrekt', 'ADJ')
('ausstehenden', 'ADJ')
('gibt', 'VERB')
('externen', 'ADJ')
('importierten', 'VERB')
('synchronisiert', 'VERB')
('muss', 'VERB')
('angemessen', 'ADJ')
('kann', 'VERB')
('anzeigen', 'VERB')";"('Nachweisbeleg eines Sicherungsprojekts', ' Nachweis Beleg ein Sicherung Projekt')
('Projekt', ' Projekt')
('OPENCOSS-Plattform', 'Opencoss Plattform')
('importierten Informationen', ' importiert Information')
('Nachweisrückverfolgbarkeitslinks des Proje"
74;Wenn ein Nachweis-Item in einem Sicherungsprojekt geändert wird, muss die OPENCOSS-Plattform die von der Änderung betroffenen Nachweis-Items des Sicherungsprojekts anzeigen.;"('geändert', 'ändern')
('muss', 'muss')
('wird', 'sein')
('betroffenen', 'betroffen')
('anzeigen', 'anzeigen')
('Änderung', 'Änderung')
('Nachweis-Items', 'Nachweis-Item')
('Nachweis-Item', 'Nachweis-Item')
('Sicherungsprojekt', 'Sicherungsprojekt')
('OPE";"('geändert', 'VERB')
('muss', 'VERB')
('betroffenen', 'ADJ')
('anzeigen', 'VERB')";"('Nachweis-Items des Sicherungsprojekts', 'Nachweis Item der Sicherung Projekt')
('OPENCOSS-Plattform', 'Opencoss Plattform')
('Änderung', ' Änderung')
('Nachweis-Item', ' Nachweis Item')
('Sicherungsprojekt', 'Sicherung Projekt')"
75;Bei Änderung eines Nachweis-Items in einem Sicherungsprojekt, muss die OPENCOSS-Plattform, die Nachweisrückverfolgbarkeitslinks des von der Änderung betroffenen Sicherungsprojekts anzeigen.;"('muss', 'muss')
('betroffenen', 'betroffen')
('anzeigen', 'anzeigen')
('Sicherungsprojekts', 'Sicherungsprojekt')
('Nachweisrückverfolgbarkeitslinks', 'Nachweisrückverfolgbarkeitslink')
('OPENCOSS-Plattform', 'OPENCOSS-Plattform')
('Sicherungsprojekt', '";"('muss', 'VERB')
('betroffenen', 'ADJ')
('anzeigen', 'VERB')";"('Nachweis-Items', 'Nachweis Item')
('OPENCOSS-Plattform', 'Opencoss Plattform')
('Sicherungsprojekt', 'Sicherung Projekt')
('Änderung', ' Änderung')
('Nachweisrückverfolgbarkeitslinks', ' Nachweis Rückverfolgbarkeit Links')"
76;Wenn bei Änderung eines Nachweis-Items eines Sicherungsprojekts andere Nachweis-Items betroffen sind, muss die OPENCOSS-Plattform vom Nutzer eine Änderungsbestätigung verlangen.;"('andere', 'ander')
('betroffen', 'betroffen')
('sind', 'sein')
('muss', 'muss')
('verlangen', 'verlangen')
('Sicherungsprojekts', 'Sicherungsprojekt')
('OPENCOSS-Plattform', 'OPENCOSS-Plattform')
('Nutzer', 'Nutzer')
('Änderung', 'Änderung')
('Nachweis-I";"('andere', 'ADJ')
('betroffen', 'ADJ')
('muss', 'VERB')
('verlangen', 'VERB')";"('Nachweis-Item eines Sicherungsprojekts', ' Nachweis Item ein Sicherung Projekt')
('Nachweis-Items', ' Nachweis Item')
('Nutzer', ' Nutzer')
('OPENCOSS-Plattform', 'Opencoss Plattform')
('Änderungsbestätigung', 'Änderung Bestätigung')
('Änderung', ' Ände"
77;Wenn ein Nutzer eine mögliche Änderung in einem Nachweis-Item eines Sicherungsprojekts angegeben hat, muss die OPENCOSS-Plattform die Nachweis-Items des Sicherungsprojekts, die von der Änderung betroffen wären, anzeigen.;"('mögliche', 'möglich')
('angegeben', 'angeben')
('muss', 'muss')
('anzeigen', 'anzeigen')
('betroffen', 'betroffen')
('OPENCOSS-Plattform', 'OPENCOSS-Plattform')
('Sicherungsprojekts', 'Sicherungsprojekt')
('Nutzer', 'Nutzer')
('Änderung', 'Änderung')
('";"('mögliche', 'ADJ')
('angegeben', 'VERB')
('muss', 'VERB')
('anzeigen', 'VERB')
('betroffen', 'ADJ')";"('Nachweis-Item eines Sicherungsprojekts', ' Nachweis Item ein Sicherung Projekt')
('Nachweis-Item des Sicherungsprojekts', ' Nachweis Item der Sicherung Projekt')
('Nutzer', ' Nutzer')
('OPENCOSS-Plattform', 'Opencoss Plattform')
('Änderung', 'Änderung')"
78;Die OPENCOSS-Plattform muss dem Nutzer die Möglichkeit bieten, Aktionen, die im Nachweisbeleg eines Sicherungsprojekts infolge einer Änderung eines Nachweis-Items erforderlich sind, zu spezifizieren.;"('muss', 'muss')
('bieten', 'bieten')
('erforderlich', 'erforderlich')
('spezifizieren', 'spezifizieren')
('Nachweisbeleg', 'Nachweisbeleg')
('Möglichkeit', 'Möglichkeit')
('Änderung', 'Änderung')
('Aktionen', 'Aktion')
('Sicherungsprojekts', 'Sicherungsp";"('muss', 'VERB')
('bieten', 'VERB')
('erforderlich', 'ADJ')
('spezifizieren', 'VERB')";"('Nachweisbeleg eines Sicherungsprojekts', ' Nachweis Beleg ein Sicherung Projekt')
('Möglichkeit', ' Möglichkeit')
('Nachweis-Items', 'Nachweis Item')
('Nutzer', ' Nutzer')
('OPENCOSS-Plattform', 'Opencoss Plattform')
('Änderung', ' Änderung')
('Aktionen"
79;Die OPENCOSS-Plattform muss dem Nutzer die Möglichkeit bieten, infolge von Änderungen an Nachweis-Items, diejenigen Nachweis-Items, die mit Aktionen verknüpft sind, welche im Nachweisbeleg eines Sicherungsprojekts benötigt werden, anzugeben.;"('muss', 'muss')
('bieten', 'bieten')
('verknüpft', 'verknüpfen')
('benötigt', 'benötigt')
('anzugeben', 'angeben')
('Nachweisbeleg', 'Nachweisbeleg')
('Möglichkeit', 'Möglichkeit')
('Aktionen', 'Aktion')
('Sicherungsprojekts', 'Sicherungsprojekt')
('OPEN";"('muss', 'VERB')
('bieten', 'VERB')
('verknüpft', 'VERB')
('benötigt', 'ADJ')
('anzugeben', 'VERB')";"('Nachweisbeleg eines Sicherungsprojekts', ' Nachweis Beleg ein Sicherung Projekt')
('Möglichkeit', ' Möglichkeit')
('Nachweis-Items', 'Nachweis Item')
('Nutzer', ' Nutzer')
('OPENCOSS-Plattform', 'Opencoss Plattform')
('Änderungen', ' Änderung')
('Aktion"
80;Die OPENCOSS-Plattform muss dem Nutzer die Möglichkeit bieten, infolge der Änderung eines Nachweis-Items, diejenigen Nachweisrückverfolgbarkeitslinks, die mit Aktionen verknüpft sind, welche im Nachweisbeleg eines Sicherungsprojekts benötigt werden, anzug;"('muss', 'muss')
('bieten', 'bieten')
('verknüpft', 'verknüpfen')
('benötigt', 'benötigt')
('anzugeben', 'angeben')
('Aktionen', 'Aktion')
('Sicherungsprojekts', 'Sicherungsprojekt')
('OPENCOSS-Plattform', 'OPENCOSS-Plattform')
('Änderung', 'Änderung')
('";"('muss', 'VERB')
('bieten', 'VERB')
('verknüpft', 'VERB')
('benötigt', 'ADJ')
('anzugeben', 'VERB')";"('Nachweisbeleg eines Sicherungsprojekts', ' Nachweis Beleg ein Sicherung Projekt')
('Möglichkeit', ' Möglichkeit')
('Nachweisrückverfolgbarkeitslinks', 'Nachweis Rückverfolgbarkeit Link')
('Nutzer', ' Nutzer')
('OPENCOSS-Plattform', 'Opencoss Plattform')"
81;Die OPENCOSS-Plattform muss Aktionen, die nach der Genehmigung der Änderung eines Nachweis-Items eines Sicherungsprojekts durchzuführen sind, vorschlagen.;"('muss', 'muss')
('durchzuführen', 'durchführen')
('vorschlagen', 'vorschlagen')
('Änderung', 'Änderung')
('Aktionen', 'Aktion')
('Sicherungsprojekts', 'Sicherungsprojekt')
('OPENCOSS-Plattform', 'OPENCOSS-Plattform')
('Nachweis-Items', 'Nachweis-Item')
(";"('muss', 'VERB')
('sind', 'VERB')
('durchzuführen', 'VERB')
('vorschlagen', 'VERB')";"('Nachweis-Items eines Sicherungsprojekts', ' Nachweis Item ein  Sicherung Projekt')
('Genehmigung', ' Genehmigung')
('OPENCOSS-Plattform', 'Opencoss Plattform')
('Änderung', ' Änderung')
('Aktionen', ' Aktion')"
82;Die OPENCOSS-Plattform muss dem Nutzer die Möglichkeit bieten, Informationen über Aktionen, die in einem Sicherungsprojekt aufgrund von Änderungen an Nachweis-Items entstehen und durchzuführen sind, per E-Mail zu verschicken.;"('muss', 'muss')
('bieten', 'bieten')
('entstehen', 'entstehen')
('durchzuführen', 'durchführen')
('verschicken', 'verschicken')
('Aktionen', 'Aktion')
('Sicherungsprojekt', 'Sicherungsprojekt')
('OPENCOSS-Plattform', 'OPENCOSS-Plattform')
('Änderungen', ";"('muss', 'VERB')
('bieten', 'VERB')
('entstehen', 'VERB')
('durchzuführen', 'VERB')
('verschicken', 'VERB')";"('Änderungen an Nachweis-Items', ' Änderung an Nachweis Item')
('Möglichkeit', ' Möglichkeit')
('Informationen', ' Information')
('Nutzer', ' Nutzer')
('E-Mail', ' E-Mail')
('OPENCOSS-Plattform', 'Opencoss Plattform')
('Sicherungsprojekt', 'Sicherung Proj"
83;"Die OPENCOSS-Plattform muss nach Änderung eines Nachweis-Items, den Status der im Sicherungsprojekt benötigten Aktionen, falls diese ""noch ausstehend"" oder ""adressiert"" sind, aufzeichnen.";"('muss', 'muss')
('benötigten', 'benötigt')
('ausstehend', 'ausstehend')
('adressiert', 'adressieren')
('aufzeichnen', 'aufzeichnen')
('Änderung', 'Änderung')
('Aktionen', 'Aktion')
('Status', 'Status')
('Sicherungsprojekt', 'Sicherungsprojekt')
('OPENCOS";"('muss', 'VERB')
('benötigten', 'ADJ')
('ausstehend', 'ADJ')
('adressiert', 'ADJ')
('aufzeichnen', 'VERB')";"('Status der im Sicherungsprojekt benötigten Aktionen', 'Status der im Sicherung Projekt benötigt Aktion')
('OPENCOSS-Plattform', 'Opencoss Plattform')
('Änderung eines Nachweis-Items', ' Änderung Nachweis Item')"
84;Die OPENCOSS-Plattform muss im Sicherungsprojekt erforderliche Aktionen infolge von Änderungen an Nachweis-Items aufzeigen.;"('muss', 'muss')
('erforderliche', 'erforderlich')
('aufzeigen', 'aufzeigen')
('Sicherungsprojekt', 'Sicherungsprojekt')
('OPENCOSS-Plattform', 'OPENCOSS-Plattform')
('Aktionen', 'Aktion')
('Änderungen', 'Änderung')
('Nachweis-Items', 'Nachweis-Item')";"('muss', 'VERB')
('erforderliche', 'ADJ')
('aufzeigen', 'VERB')";"('im Sicherungsprojekt erforderliche Aktionen', 'im Sicherung Projekt erforderlich Aktion')
('OPENCOSS-Plattform', 'Opencoss Plattform')
('Änderungen an Nachweis-Items', ' Änderung an Nachweis Item')"
85;Die OPENCOSS-Plattform muss dem Nutzer die Möglichkeit bieten, die Information, ob eine im Sicherungsprojekt aufgrund der Änderung eines Nachweis-Items erforderliche Aktion adressiert wurde, anzugeben.;"('muss', 'muss')
('bieten', 'bieten')
('wurde', 'sein')
('erforderliche', 'erforderlich')
('adressiert', 'adressiert')
('anzugeben', 'angeben')
('Änderung', 'Änderung')
('Sicherungsprojekt', 'Sicherungsprojekt')
('OPENCOSS-Plattform', 'OPENCOSS-Plattform'";"('muss', 'VERB')
('bieten', 'VERB')
('erforderliche', 'ADJ')
('adressiert', 'ADJ')
('wurde', 'VERB')
('anzugeben', 'VERB')";"('Möglichkeit', ' Möglichkeit')
('Nutzer', ' Nutzer')
('OPENCOSS-Plattform', 'Opencoss Plattform')
('Sicherungsprojekt', 'Sicherung Projekt')
('Änderung eines Nachweis-Items', ' Änderung ein Nachweis Item')
('Aktion', 'Aktion')
('Information', ' Informati"
86;"Wenn der Status einer Aktion, die in einem Sicherungsprojekt aufgrund von Änderungen von Nachweis-Items erforderlich ist, ""noch ausstehend"" ist, muss die OPENCOSS-Plattform eine solche Aktion rot einfärben.";"('erforderlich', 'erforderlich')
('ausstehend', 'ausstehend')
('muss', 'muss')
('rot', 'rot')
('einfärben', 'einfärben')
('Änderungen', 'Änderung')
('Nachweis-Items', 'Nachweis-Item')
('Sicherungsprojekt', 'Sicherungsprojekt')
('OPENCOSS-Plattform', 'OPEN";"('erforderlich', 'ADJ')
('ausstehend', 'ADJ')
('muss', 'VERB')
('rot', 'ADJ')
('einfärben', 'VERB')";"('Status einer Aktion', 'Status ein Aktion')
('Nachweis-Items', 'Nachweis Item')
('Sicherungsprojekt', 'Sicherung Projekt')
('OPENCOSS-Plattform', 'Opencoss Plattform')
('Änderungen', ' Änderung')"
87;Wenn ein Nachweis-Item eines Sicherungsprojekts durch Änderungen anderer Nachweis-Items beeinträchtigt wurde, muss die OPENCOSS-Plattform ein solches Nachweis-Item rot einfärben.;"('anderer', 'ander')
('beeinträchtigt', 'beeinträchtigen')
('wurde', 'sein')
('muss', 'muss')
('rot', 'rot')
('einfärben', 'einfärben')
('Änderungen', 'Änderung')
('OPENCOSS-Plattform', 'OPENCOSS-Plattform')
('Sicherungsprojekts', 'Sicherungsprojekt')
('N";"('anderer', 'ADJ')
('beeinträchtigt', 'VERB')
('muss', 'VERB')
('rot', 'ADJ')
('einfärben', 'VERB')";"('Nachweis-Item eines Sicherungsprojekts', ' Nachweis Item ein Sicherung Projekt')
('Nachweis-Items', 'Nachweis Item')
('OPENCOSS-Plattform', 'Opencoss Plattform')
('Änderungen', ' Änderung')"
88;Wenn ein Nachweisrückverfolgbarkeitslink eines Sicherungsprojekts durch Änderungen von Nachweis-Items beeinträchtigt wurde, muss die OPENCOSS-Plattform einen solchen Link rot einfärben.;"('beeinträchtigt', 'beeinträchtigen')
('wurde', 'sein')
('muss', 'muss')
('rot', 'rot')
('Link', 'Link')
('einfärben', 'einfärben')
('Sicherungsprojekts', 'Sicherungsprojekt')
('OPENCOSS-Plattform', 'OPENCOSS-Plattform')
('Nachweis-Items', 'Nachweis-Item'";"('beeinträchtigt', 'VERB')
('muss', 'VERB')
('rot', 'ADJ')
('einfärben', 'VERB')";"('Nachweisrückverfolgbarkeitslink eines Sicherungsprojekts', ' Nachweis Rückverfolgbarkeit Link ein Sicherungs Projekt')
('Nachweis-Items', 'Nachweis Item')
('OPENCOSS-Plattform', 'Opencoss Plattform')
('Link', 'Link')
('Änderungen', ' Änderung')"
89;Die OPENCOSS-Plattform muss dem Nutzer die Möglichkeit bieten, Nachweis-Items für ein Sicherungsprojekt aus den Artefakten externer Werkzeuge zu importieren.;"('muss', 'muss')
('bieten', 'bieten')
('externer', 'extern')
('importieren', 'importieren')
('Werkzeuge', 'Werkzeug')
('Nachweis-Items', 'Nachweis-Item')
('Sicherungsprojekt', 'Sicherungsprojekt')
('OPENCOSS-Plattform', 'OPENCOSS-Plattform')
('Artefakten'";"('muss', 'VERB')
('bieten', 'VERB')
('externer', 'ADJ')
('importieren', 'VERB')";"('Artefakten externer Werkzeuge', 'Artefakt extern Werkzeug')
('Möglichkeit', ' Möglichkeit')
('Nachweis-Items', 'Nachweis Item')
('Nutzer', ' Nutzer')
('OPENCOSS-Plattform', 'Opencoss Plattform')
('Sicherungsprojekt', 'Sicherung Projekt')"
90;Die OPENCOSS-Plattform muss fähig sein, ein Artefakt in einem externen Werkzeug automatisch mit einem Nachweis-Item eines Sicherungsprojekts, das aus dem externen Werkzeug importiert wurde, zu verknüpfen.;"('muss', 'muss')
('fähig', 'fähig')
('externen', 'extern')
('automatisch', 'automatisch')
('importiert', 'importieren')
('wurde', 'sein')
('verknüpfen', 'verknüpfen')
('Werkzeug', 'Werkzeug')
('Nachweis-Item', 'Nachweis-Item')
('Sicherungsprojekts', 'Sich";"('muss', 'VERB')
('fähig', 'ADJ')
('externen', 'ADJ')
('automatisch', 'ADJ')
('importiert', 'VERB')
('verknüpfen', 'VERB')
('importiert', 'VERB')";"('Nachweis-Item eines Sicherungsprojekts', 'Nachweis Item ein Sicherung Projekt')
('externen Werkzeug', 'extern Werkzeug')
('OPENCOSS-Plattform', 'Opencoss Plattform')
('Artefakt', ' Artefakt')"
91;Die OPENCOSS-Plattform muss fähig sein, das Werkzeug, welches das Artefakt speichert, das mit einem aus einem externen Werkzeug importierten Nachweis-Item eines Sicherungsprojekts verbunden ist, automatisch anzuzeigen.;"('muss', 'muss')
('fähig', 'fähig')
('speichert', 'speichern')
('externen', 'extern')
('importierten', 'importieren')
('verbunden', 'verbinden')
('automatisch', 'automatisch')
('anzuzeigen', 'anzeigen')
('Werkzeug', 'Werkzeug')
('Sicherungsprojekts', 'Sic";"('muss', 'VERB')
('fähig', 'ADJ')
('speichert', 'VERB')
('externen', 'ADJ')
('importierten', 'VERB')
('verbunden', 'VERB')
('automatisch', 'ADJ')
('anzuzeigen', 'VERB')";"('Nachweis-Item eines Sicherungsprojekts', 'Nachweis Item ein Sicherung Projekt')
('externen Werkzeug', 'extern Werkzeug')
('OPENCOSS-Plattform', 'Opencoss Plattform')
('Artefakt', ' Artefakt')"
92;Die OPENCOSS-Plattform muss dem Nutzer die Möglichkeit bieten, Nachweisrückverfolgbarkeitslinks für ein Sicherungsprojekt aus einem externen Werkzeug zu importieren.;"('muss', 'muss')
('bieten', 'bieten')
('externen', 'extern')
('importieren', 'importieren')
('Werkzeug', 'Werkzeug')
('Nachweisrückverfolgbarkeitslinks', 'Nachweisrückverfolgbarkeitslink')
('OPENCOSS-Plattform', 'OPENCOSS-Plattform')
('Sicherungsprojekt',";"('muss', 'VERB')
('bieten', 'VERB')
('externen', 'ADJ')
('importieren', 'VERB')";"('externen Werkzeug', 'extern Werkzeug')
('Möglichkeit', ' Möglichkeit')
('Nutzer', ' Nutzer')
('OPENCOSS-Plattform', 'Opencoss Plattform')
('Sicherungsprojekt', 'Sicherung Projekt')
('Nachweisrückverfolgbarkeitslinks', ' Nachweis Rückverfolgbarkeit Link'"
93;Die OPENCOSS-Plattform muss fähig sein, ein Artefakt automatisch mit einem Nachweisrückverfolgbarkeitslink eines Sicherungsprojekts, das aus einem externen Werkzeug importiert wurde, zu verknüpfen.;"('muss', 'muss')
('fähig', 'fähig')
('automatisch', 'automatisch')
('externen', 'extern')
('importiert', 'importieren')
('wurde', 'sein')
('verknüpfen', 'verknüpfen')
('Werkzeug', 'Werkzeug')
('Nachweisrückverfolgbarkeitslink', 'Nachweisrückverfolgbarkeit";"('muss', 'VERB')
('fähig', 'ADJ')
('automatisch', 'ADJ')
('externen', 'ADJ')
('importiert', 'VERB')
('verknüpfen', 'VERB')";"('Nachweisrückverfolgbarkeitslinks eines Sicherungsprojekts', ' Nachweis Rückverfolgbarkeit Link ein Sicherung Projekt')
('externen Werkzeug', 'extern Werkzeug')
('OPENCOSS-Plattform', 'Opencoss Plattform')
('Artefakt', ' Artefakt')"
94;Die OPENCOSS-Plattform muss fähig sein, das Werkzeug, welches das Artefakt speichert, das über einen externen Nachweisrückverfolgbarkeitslink eines Sicherungsprojekts verknüpft ist, automatisch anzeigen.;"('speichert', 'speichern')
('muss', 'muss')
('fähig', 'fähig')
('externen', 'extern')
('verknüpft', 'verknüpfen')
('automatisch', 'automatisch')
('anzeigen', 'anzeigen')
('Werkzeug', 'Werkzeug')
('Sicherungsprojekts', 'Sicherungsprojekt')
('Nachweisrückve";"('speichert', 'VERB')
('externen', 'ADJ')
('verknüpft', 'VERB')
('automatisch', 'ADJ')
('anzeigen', 'VERB')
('fähig', 'ADJ')";"('externen Nachweisrückverfolgbarkeitslink eines Sicherungsprojekts', 'extern Nachweis Rückverfolgbarkeit Link ein Sicherung Projekt')
('Werkzeug', ' Werkzeug')
('OPENCOSS-Plattform', 'Opencoss Plattform')
('Artefakt', ' Artefakt')"
95;Die OPENCOSS-Plattform muss fähig sein, Nachweisrückverfolgbarkeitslinks eines Sicherungsprojekts in externe Werkzeuge zu exportieren.;"('muss', 'muss')
('fähig', 'fähig')
('externe', 'extern')
('exportieren', 'exportieren')
('Sicherungsprojekts', 'Sicherungsprojekt')
('OPENCOSS-Plattform', 'OPENCOSS-Plattform')
('Nachweisrückverfolgbarkeitslinks', 'Nachweisrückverfolgbarkeitslink')
('Wer";"('muss', 'VERB')
('fähig', 'ADJ')
('externe', 'ADJ')
('exportieren', 'VERB')";"('Nachweisrückverfolgbarkeitslinks eines Sicherungsprojekts', 'Nachweis Rückverfolgbarkeit Link ein Sicherung Projekt')
('externe Werkzeuge', 'extern Werkzeug')
('OPENCOSS-Plattform', 'Opencoss Plattform')"
96;Das OPENCOSS muss fähig sein, Nachweise für ein Sicherungsprojekt aus SAEM-Modellen zu importieren.;"('muss', 'muss')
('fähig', 'fähig')
('importieren', 'importieren')
('SAEM-Modellen', 'SAEM-Modell')
('Nachweise', 'Nachweis')
('Sicherungsprojekt', 'Sicherungsprojekt')
('OPENCOSS', 'OPENCOSS')";"('muss', 'VERB')
('fähig', 'ADJ')
('importieren', 'VERB')";"('Nachweise', ' Nachweis')
('SAEM-Modellen', ' SAEM Modell')
('OPENCOSS', ' OPENCOSS')
('Sicherungsprojekt', 'Sicherung Projekt')"
97;Die OPENCOSS-Plattform muss fähig sein, den Nachweis eines Sicherungsprojekts in Form eines SAEM-Modells zu exportieren.;"('muss', 'muss')
('fähig', 'fähig')
('exportieren', 'exportieren')
('Form', 'Form')
('Sicherungsprojekts', 'Sicherungsprojekt')
('Nachweis', 'Nachweis')
('SAEM-Modells', 'SAEM-Modell')
('OPENCOSS-Plattform', 'OPENCOSS-Plattform')";"('muss', 'VERB')
('exportieren', 'VERB')
('fähig', 'ADJ')";"('Nachweis eines Sicherungsprojekts', ' Nachweis ein Sicherung Projekt')
('SAEM-Modells', ' SAEM Modell')
('OPENCOSS-Plattform', 'Opencoss Plattform')
('Form', ' Form')"
98;Wenn ein Nachweis-Item eines Sicherungsprojekts, Informationen enthält, die aus einem Artefakt eines externen Werkzeug importiert wurden, und die Informationen im externen Werkzeug geändert werden, muss die OPENCOSS-Plattform eine solche Änderung erkennen;"('enthält', 'enthalten')
('externen', 'extern')
('importiert', 'importieren')
('wurden', 'sein')
('werden', 'sein')
('externen', 'extern')
('geändert', 'ändern')
('muss', 'muss')
('erkennen', 'erkennen')
('entsprechend', 'entsprechend')
('aktualisieren', ";"('enthält', 'VERB')
('externen', 'ADJ')
('importiert', 'VERB')
('geändert', 'VERB')
('muss', 'VERB')
('erkennen', 'VERB')
('entsprechend', 'ADJ')
('aktualisieren', 'VERB')";"('Nachweis-Item eines Sicherungsprojekts', 'Nachweis Item ein Sicherung Projekt')
('externen Werkzeug', 'extern Werkzeug')
('Informationen', ' Information')
('OPENCOSS-Plattform', 'Opencoss Plattform')
('Änderung', 'Änderung')
('Artefakt', ' Artefakt')
('"
99;Wenn ein Nachweis-Item eines Sicherungsprojekts, Informationen enthält, die aus einem externen Werkzeug importiert wurden, und die Informationen in der OPENCOSS-Plattform geändert werden, muss die OPENCOSS-Plattform eine solche Änderung erkennen und die I;"('enthält', 'enthalten')
('externen', 'extern')
('importiert', 'importieren')
('wurden', 'sein')
('werden', 'sein')
('geändert', 'ändern')
('muss', 'muss')
('erkennen', 'erkennen')
('entsprechend', 'entsprechend')
('aktualisieren', 'aktualisieren')
('Werk";"('enthält', 'VERB')
('externen', 'ADJ')
('importiert', 'VERB')
('geändert', 'VERB')
('muss', 'VERB')
('erkennen', 'VERB')
('entsprechend', 'ADJ')
('aktualisieren', 'VERB')";"('Nachweis-Item eines Sicherungsprojekts', 'Nachweis Item ein Sicherung Projekt')
('externen Werkzeug', 'extern Werkzeug')
('Informationen', ' Information')
('OPENCOSS-Plattform', 'Opencoss Plattform')
('Änderung', 'Änderung')"
100;Wenn ein Nachweis-Item eines Sicherungsprojekts, Informationen enthält, die aus einem externen Werkzeug importiert wurden, und die Informationen in der OPENCOSS-Plattform geändert werden, muss die OPENCOSS-Plattform eine solche Änderung anzeigen.;"('enthält', 'enthalten')
('externen', 'extern')
('importiert', 'importieren')
('wurden', 'sein')
('werden', 'sein')
('geändert', 'ändern')
('muss', 'muss')
('anzeigen', 'anzeigen')
('Werkzeug', 'Werkzeug')
('Informationen', 'Information')
('Nachweis-Item'";"('enthält', 'VERB')
('externen', 'ADJ')
('importiert', 'VERB')
('geändert', 'VERB')
('muss', 'VERB')
('anzeigen', 'VERB')";"('Nachweis-Item eines Sicherungsprojekts', 'Nachweis Item ein Sicherung Projekt')
('externen Werkzeug', 'extern Werkzeug')
('Informationen', ' Information')
('OPENCOSS-Plattform', 'Opencoss Plattform')
('Änderung', 'Änderung')"
101;Wenn ein Nachweis-Item eines Sicherungsprojekts, Informationen enthält, die aus einem externen Werkzeug importiert wurden, und die Informationen im externen Werkzeug geändert werden, muss die OPENCOSS-Plattform eine solche Änderung anzeigen.;"('enthält', 'enthalten')
('wurden', 'sein')
('werden', 'sein')
('externen', 'extern')
('importiert', 'importiert')
('geändert', 'ändern')
('muss', 'muss')
('anzeigen', 'anzeigen')
('Werkzeug', 'Werkzeug')
('Informationen', 'Information')
('Nachweis-Item',";"('enthält', 'VERB')
('externen', 'ADJ')
('importiert', 'ADJ')
('geändert', 'VERB')
('muss', 'VERB')
('anzeigen', 'VERB')";"('Nachweis-Item eines Sicherungsprojekts', 'Nachweis Item ein Sicherung Projekt')
('externen Werkzeug', 'extern Werkzeug')
('Informationen', ' Information')
('OPENCOSS-Plattform', 'Opencoss Plattform')
('Änderung', 'Änderung')"
102;Wenn ein Nachweis-Item eines Sicherungsprojekts, Informationen enthält, die aus einem externen Werkzeug importiert wurden, und die Informationen in der OPENCOSS-Plattform geändert werden, muss die OPENCOSS-Plattform eine solche Änderung durch eine rote Ei;"('enthält', 'enthalten')
('externen', 'extern')
('wurden', 'sein')
('werden', 'sein')
('importiert', 'importieren')
('geändert', 'ändern')
('muss', 'muss')
('anzeigen', 'anzeigen')
('Werkzeug', 'Werkzeug')
('Informationen', 'Information')
('Nachweis-Item'";"('enthält', 'VERB')
('externen', 'ADJ')
('importiert', 'VERB')
('geändert', 'VERB')
('muss', 'VERB')
('anzeigen', 'VERB')
('rote', 'ADJ')";"('Nachweis-Item eines Sicherungsprojekts', 'Nachweis Item ein Sicherung Projekt')
('externen Werkzeug', 'extern Werkzeug')
('Informationen', ' Information')
('OPENCOSS-Plattform', 'Opencoss Plattform')
('Änderung', 'Änderung')
('rote Einfärbung', 'rot Ein"
103;Wenn ein Nachweis-Item eines Sicherungsprojekts, Informationen enthält, die aus einem externen Werkzeug importiert wurden, und die Informationen im externen Werkzeug geändert werden, muss die OPENCOSS-Plattform eine solche Änderung durch eine rote Einfärb;"('enthält', 'enthalten')
('externen', 'extern')
('wurden', 'sein')
('werden', 'sein')
('importiert', 'importieren')
('geändert', 'ändern')
('muss', 'muss')
('rote', 'rot')
('anzeigen', 'anzeigen')
('Werkzeug', 'Werkzeug')
('Informationen', 'Information')
";"('enthält', 'VERB')
('externen', 'ADJ')
('importiert', 'VERB')
('geändert', 'VERB')
('muss', 'VERB')
('rote', 'ADJ')
('anzeigen', 'VERB')";"('Nachweis-Item eines Sicherungsprojekts', 'Nachweis Item ein Sicherung Projekt')
('externen Werkzeug', 'extern Werkzeug')
('rote Einfärbung', 'rot Einfärbung')
('Informationen', ' Information')
('OPENCOSS-Plattform', 'Opencoss Plattform')
('Änderung', 'Ä"
104;Wenn ein Nachweisrückverfolgbarkeitslink eines Sicherungsprojekts, Informationen enthält, die aus einem externen Werkzeug importiert wurden, und die Informationen im externen Werkzeug geändert werden, muss die OPENCOSS-Plattform eine solche Änderung erken;"('enthält', 'enthalten')
('externen', 'extern')
('importiert', 'importieren')
('wurden', 'sein')
('werden', 'sein')
('externen', 'extern')
('geändert', 'ändern')
('muss', 'muss')
('entsprechend', 'entsprechend')
('aktualisieren', 'aktualisieren')
('Werkze";"('enthält', 'VERB')
('externen', 'ADJ')
('importiert', 'VERB')
('geändert', 'VERB')
('muss', 'VERB')
('entsprechend', 'ADJ')
('aktualisieren', 'VERB')
('erkennen', 'VERB')";"('Nachweisrückverfolgbarkeitslink eines Sicherungsprojekts', ' Nachweis Rückverfolgbarkeit Link ein Sicherung Projekt')
('externen Werkzeug', 'extern Werkzeug')
('OPENCOSS-Plattform', 'Opencoss Plattform')
('Änderung', 'Änderung')
('Informationen', ' Info"
105;Wenn ein Nachweisrückverfolgbarkeitslink eines Sicherungsprojekts, Informationen enthält, die aus einem externen Werkzeug importiert wurden, und die Informationen in der OPENCOSS-Plattform geändert werden, muss die OPENCOSS-Plattform eine solche Änderung ;"('enthält', 'enthalten')
('importiert', 'importieren')
('wurden', 'sein')
('werden', 'sein')
('externen', 'extern')
('geändert', 'ändern')
('muss', 'muss')
('erkennen', 'erkennen')
('entsprechend', 'entsprechen')
('aktualisieren', 'aktualisieren')
('Werkz";"('enthält', 'VERB')
('externen', 'ADJ')
('importiert', 'VERB')
('geändert', 'VERB')
('muss', 'VERB')
('erkennen', 'VERB')
('entsprechend', 'ADJ')
('aktualisieren', 'VERB')";"('Nachweisrückverfolgbarkeitslink eines Sicherungsprojekts', ' Nachweis Rückverfolgbarkeit Link ein Sicherung Projekt')
('externen Werkzeug', 'extern Werkzeug')
('OPENCOSS-Plattform', 'Opencoss Plattform')
('Änderung', 'Änderung')
('Informationen', ' Info"
106;Wenn ein Nachweisrückverfolgbarkeitslink eines Sicherungsprojekts, Informationen enthält, die aus einem externen Werkzeug importiert wurden, und die Informationen in der OPENCOSS-Plattform geändert werden, muss die OPENCOSS-Plattform eine solche Änderung ;"('enthält', 'enthalten')
('externen', 'extern')
('importiert', 'importieren')
('wurden', 'sein')
('werden', 'sein')
('geändert', 'ändern')
('muss', 'muss')
('anzeigen', 'anzeigen')
('Werkzeug', 'Werkzeug')
('Informationen', 'Information')
('Nachweisrückve";"('enthält', 'VERB')
('externen', 'ADJ')
('importiert', 'VERB')
('geändert', 'VERB')
('muss', 'VERB')
('anzeigen', 'VERB')";"('Nachweisrückverfolgbarkeitslink eines Sicherungsprojekts', ' Nachweis Rückverfolgbarkeit Link ein Sicherung Projekt')
('externen Werkzeug', 'extern Werkzeug')
('Informationen', ' Information')
('OPENCOSS-Plattform', 'Opencoss Plattform')
('Änderung', 'Ä"
107;Wenn ein Nachweisrückverfolgbarkeitslink eines Sicherungsprojekts, Informationen enthält, die aus einem externen Werkzeug importiert wurden, und die Informationen im externen Werkzeug geändert werden, muss die OPENCOSS-Plattform eine solche Änderung anzei;"('enthält', 'enthalten')
('wurden', 'sein')
('werden', 'sein')
('externen', 'extern')
('importiert', 'importieren')
('geändert', 'ändern')
('muss', 'muss')
('anzeigen', 'anzeigen')
('Werkzeug', 'Werkzeug')
('Informationen', 'Information')
('Nachweisrückve";"('enthält', 'VERB')
('externen', 'ADJ')
('importiert', 'VERB')
('geändert', 'VERB')
('muss', 'VERB')
('anzeigen', 'VERB')";"('Nachweisrückverfolgbarkeitslink eines Sicherungsprojekts', ' Nachweis Rückverfolgbarkeit Link ein Sicherung Projekt')
('externen Werkzeug', 'extern Werkzeug')
('Informationen', ' Information')
('OPENCOSS-Plattform', 'Opencoss Plattform')
('Änderung', 'Ä"
108;Wenn ein Nachweisrückverfolgbarkeitslink eines Sicherungsprojekts, Informationen enthält, die aus einem externen Werkzeug importiert wurden, und die Informationen in der OPENCOSS-Plattform geändert werden, muss die OPENCOSS-Plattform eine solche Änderung ;"('enthält', 'enthalten')
('externen', 'extern')
('wurden', 'sein')
('werden', 'sein')
('importiert', 'importieren')
('geändert', 'ändern')
('muss', 'muss')
('anzeigen', 'anzeigen')
('Werkzeug', 'Werkzeug')
('Informationen', 'Information')
('Nachweisrückve";"('enthält', 'VERB')
('externen', 'ADJ')
('importiert', 'VERB')
('geändert', 'VERB')
('muss', 'VERB')
('anzeigen', 'VERB')
('rote', 'ADJ')";"('Nachweisrückverfolgbarkeitslink eines Sicherungsprojekts', ' Nachweis Rückverfolgbarkeit Link ein Sicherung Projekt')
('externen Werkzeug', 'extern Werkzeug')
('Informationen', ' Information')
('OPENCOSS-Plattform', 'Opencoss Plattform')
('Änderung', 'Ä"
109;Wenn ein Nachweisrückverfolgbarkeitslink eines Sicherungsprojekts, Informationen enthält, die aus einem externen Werkzeug importiert wurden, und die Informationen im externen Werkzeug geändert werden, muss die OPENCOSS-Plattform eine solche Änderung durch;"('enthält', 'enthalten')
('externen', 'extern')
('wurden', 'sein')
('werden', 'sein')
('importiert', 'importieren')
('geändert', 'ändern')
('muss', 'muss')
('rote', 'rot')
('anzeigen', 'anzeigen')
('Werkzeug', 'Werkzeug')
('Informationen', 'Information')
";"('enthält', 'VERB')
('externen', 'ADJ')
('importiert', 'VERB')
('geändert', 'VERB')
('muss', 'VERB')
('rote', 'ADJ')
('anzeigen', 'VERB')";"('Nachweisrückverfolgbarkeitslink eines Sicherungsprojekts', ' Nachweis Rückverfolgbarkeit Link ein Sicherung Projekt')
('externen Werkzeug', 'extern Werkzeug')
('rote Einfärbung', 'rot Einfärbung')
('Informationen', ' Information')
('OPENCOSS-Plattform',"
